"seccion_censal","lat_centro","lon_centro"
"2807901001",40.4174262,-3.71657486
"2807901002",40.42178893,-3.71073549
"2807901003",40.42065734,-3.70876913
"2807901004",40.41934494,-3.71047982
"2807901006",40.41730639,-3.71003775
"2807901007",40.41609874,-3.71043606
"2807901008",40.41482825,-3.70905361
"2807901009",40.41429964,-3.71095532
"2807901011",40.41261303,-3.71043722
"2807901012",40.41215219,-3.70862033
"2807901013",40.41033839,-3.71002638
"2807901014",40.41066802,-3.71153552
"2807901015",40.41146765,-3.71303546
"2807901016",40.41311003,-3.71252802
"2807901018",40.41169168,-3.71555718
"2807901019",40.40920838,-3.7160812
"2807901020",40.40923296,-3.71335859
"2807901021",40.40814926,-3.71207023
"2807901022",40.40736049,-3.71005514
"2807901023",40.40902547,-3.70930793
"2807901024",40.41028563,-3.70817661
"2807901025",40.41215701,-3.70665214
"2807901026",40.41336356,-3.70488824
"2807901027",40.41291235,-3.70173565
"2807901028",40.41161022,-3.70488523
"2807901029",40.41057132,-3.70586595
"2807901030",40.40937729,-3.705904
"2807901031",40.40942031,-3.70745313
"2807901032",40.40709363,-3.70758804
"2807901033",40.4088458,-3.70574664
"2807901034",40.40961951,-3.70353383
"2807901035",40.40833737,-3.70360235
"2807901036",40.4081229,-3.70529955
"2807901037",40.40720529,-3.70502002
"2807901038",40.4074046,-3.70262046
"2807901039",40.40613656,-3.70360104
"2807901040",40.40620391,-3.70087985
"2807901041",40.40707781,-3.70022028
"2807901042",40.40833679,-3.70144549
"2807901043",40.41001412,-3.70293097
"2807901045",40.4119726,-3.70148171
"2807901046",40.41100499,-3.69938399
"2807901047",40.41099365,-3.70208382
"2807901048",40.4097971,-3.70159584
"2807901049",40.41014732,-3.70034991
"2807901050",40.4091015,-3.70019091
"2807901051",40.40972574,-3.69881372
"2807901053",40.40896014,-3.6972327
"2807901054",40.40814725,-3.69902449
"2807901055",40.40748542,-3.6986439
"2807901056",40.4066321,-3.6988064
"2807901057",40.40770259,-3.69550911
"2807901058",40.40940654,-3.69431884
"2807901059",40.41101457,-3.69759304
"2807901061",40.41089772,-3.69545357
"2807901062",40.41073741,-3.69366229
"2807901063",40.41213436,-3.69407077
"2807901064",40.41321301,-3.6949243
"2807901065",40.41373014,-3.69780462
"2807901066",40.4122353,-3.6971342
"2807901067",40.41345976,-3.70041821
"2807901068",40.41446008,-3.69897861
"2807901069",40.41532301,-3.70098535
"2807901071",40.4146163,-3.69527192
"2807901072",40.41723116,-3.69672256
"2807901073",40.42161569,-3.69396991
"2807901074",40.42009674,-3.69776868
"2807901075",40.42209967,-3.70040894
"2807901076",40.4214537,-3.69921246
"2807901077",40.42189107,-3.69697526
"2807901079",40.42368955,-3.69663054
"2807901081",40.42350327,-3.69852998
"2807901082",40.4249574,-3.69872322
"2807901084",40.42487555,-3.69344605
"2807901087",40.42649673,-3.69668912
"2807901088",40.42696367,-3.69947446
"2807901089",40.42805352,-3.70079884
"2807901090",40.4282027,-3.70290245
"2807901091",40.42879853,-3.7051394
"2807901092",40.42822652,-3.70438883
"2807901093",40.42679112,-3.70263417
"2807901094",40.42469188,-3.7017281
"2807901095",40.42273027,-3.70156535
"2807901096",40.42295525,-3.70310779
"2807901097",40.42401888,-3.70386836
"2807901098",40.42471125,-3.70466388
"2807901099",40.42482913,-3.70646531
"2807901100",40.42573935,-3.70557756
"2807901101",40.42572518,-3.70293998
"2807901102",40.42693827,-3.70511407
"2807901103",40.42866689,-3.7069529
"2807901104",40.42679111,-3.70779573
"2807901105",40.4275914,-3.70906193
"2807901106",40.42902856,-3.70861019
"2807901107",40.42945918,-3.71295132
"2807901108",40.42740419,-3.71174321
"2807901109",40.42627498,-3.70958604
"2807901110",40.42527361,-3.70843339
"2807901111",40.4246228,-3.71089938
"2807901112",40.4232221,-3.70875634
"2807901113",40.42352035,-3.70659248
"2807901114",40.42246691,-3.70486026
"2807901115",40.42153055,-3.70634826
"2807901116",40.42100143,-3.70304455
"2807901117",40.41928902,-3.70528238
"2807901118",40.41905867,-3.7009689
"2807901119",40.41694761,-3.70182789
"2807901120",40.41559604,-3.7043749
"2807901121",40.41496661,-3.70678121
"2807901123",40.41674543,-3.70695684
"2807901124",40.41781463,-3.70558291
"2807902001",40.41320387,-3.71818635
"2807902002",40.41280632,-3.7196279
"2807902003",40.4117115,-3.72168541
"2807902004",40.41088696,-3.72090435
"2807902005",40.41142572,-3.72000332
"2807902006",40.41070582,-3.71923245
"2807902007",40.4090572,-3.72012111
"2807902008",40.40843468,-3.71679825
"2807902009",40.40693049,-3.71813425
"2807902010",40.40615099,-3.72133978
"2807902011",40.40212605,-3.71793449
"2807902013",40.40407214,-3.71375249
"2807902014",40.40565315,-3.71288833
"2807902015",40.4055569,-3.71054524
"2807902016",40.39836822,-3.70968401
"2807902017",40.39828718,-3.70589642
"2807902018",40.40040211,-3.70614779
"2807902019",40.40257069,-3.70732403
"2807902020",40.40481466,-3.70634401
"2807902021",40.40333021,-3.70462519
"2807902022",40.40362546,-3.70392916
"2807902023",40.40411738,-3.70290618
"2807902024",40.40281026,-3.70182703
"2807902025",40.40214854,-3.7028229
"2807902026",40.40160771,-3.70089048
"2807902027",40.40068753,-3.70308424
"2807902028",40.39997842,-3.70321431
"2807902029",40.39872794,-3.70233018
"2807902030",40.40022637,-3.70139305
"2807902031",40.4006207,-3.70043652
"2807902032",40.40001011,-3.6993841
"2807902033",40.39919954,-3.69944191
"2807902034",40.39843463,-3.69874496
"2807902035",40.398565,-3.70047004
"2807902036",40.39778571,-3.70097997
"2807902037",40.39666862,-3.70171155
"2807902038",40.39631289,-3.70031452
"2807902039",40.39765943,-3.69887187
"2807902040",40.39659119,-3.6990206
"2807902041",40.39689512,-3.69746753
"2807902042",40.39501003,-3.69914674
"2807902043",40.39567342,-3.69717479
"2807902044",40.39448742,-3.69734439
"2807902045",40.39482969,-3.69577035
"2807902046",40.39343798,-3.69593486
"2807902047",40.39281966,-3.69934893
"2807902048",40.39076019,-3.69341767
"2807902049",40.39076872,-3.6873207
"2807902050",40.39238171,-3.69432482
"2807902051",40.39488335,-3.69215333
"2807902052",40.39541077,-3.68951393
"2807902053",40.39842104,-3.6929779
"2807902054",40.3967652,-3.69359532
"2807902055",40.39562922,-3.69370447
"2807902056",40.39557973,-3.69512255
"2807902057",40.39690953,-3.69546074
"2807902058",40.39802145,-3.69537372
"2807902059",40.39813176,-3.69696278
"2807902060",40.39895175,-3.69611539
"2807902061",40.39959196,-3.69518047
"2807902062",40.40039361,-3.69509947
"2807902063",40.40021796,-3.69756534
"2807902064",40.40147175,-3.69743579
"2807902065",40.40123651,-3.69404835
"2807902066",40.40115079,-3.68919883
"2807902067",40.40282601,-3.68960035
"2807902068",40.40232095,-3.69157116
"2807902069",40.40240208,-3.69303379
"2807902070",40.40228665,-3.69536308
"2807902071",40.40265602,-3.69895731
"2807902072",40.40434462,-3.70036373
"2807902073",40.4047731,-3.69754203
"2807902074",40.40345345,-3.69553409
"2807902075",40.40347856,-3.69218657
"2807902077",40.4045489,-3.6913625
"2807902078",40.40462982,-3.69280734
"2807902079",40.40470565,-3.69465728
"2807902080",40.40621553,-3.69577607
"2807902081",40.4060805,-3.69397043
"2807902082",40.40594108,-3.69246096
"2807902083",40.40028344,-3.68230901
"2807902085",40.40020256,-3.70716271
"2807902086",40.39877522,-3.70799355
"2807902087",40.40298077,-3.71175213
"2807902088",40.39925656,-3.7017017
"2807902089",40.40471615,-3.71462118
"2807902090",40.4052973,-3.71976238
"2807902091",40.39759169,-3.70332104
"2807902092",40.40242657,-3.70466241
"2807902093",40.38729306,-3.68773074
"2807902094",40.40457469,-3.70950467
"2807902095",40.40643109,-3.71484499
"2807902096",40.40023947,-3.70947534
"2807902097",40.39306631,-3.6912299
"2807902098",40.39625975,-3.68221665
"2807902099",40.38575963,-3.69135844
"2807902100",40.38915077,-3.69522203
"2807902101",40.39143468,-3.69046866
"2807902102",40.38501559,-3.68647404
"2807902103",40.39013222,-3.682459
"2807902104",40.38907432,-3.68973705
"2807902105",40.39623735,-3.68721897
"2807902106",40.39887584,-3.68668058
"2807903001",40.40186432,-3.67973487
"2807903002",40.40597657,-3.68402934
"2807903003",40.40649237,-3.68118256
"2807903004",40.40640542,-3.68006347
"2807903005",40.40492762,-3.68105461
"2807903006",40.40423331,-3.68245569
"2807903007",40.40451646,-3.68000672
"2807903008",40.40548447,-3.67932328
"2807903009",40.40654075,-3.67860583
"2807903010",40.40695674,-3.67688805
"2807903011",40.40594817,-3.67725192
"2807903012",40.40495159,-3.67804122
"2807903013",40.40400025,-3.67878552
"2807903014",40.40330985,-3.67739561
"2807903015",40.40439579,-3.67682967
"2807903016",40.40537983,-3.6760109
"2807903017",40.40650091,-3.67503511
"2807903018",40.4061388,-3.67369763
"2807903019",40.40568757,-3.67200973
"2807903020",40.40439771,-3.6740221
"2807903021",40.40342908,-3.67487091
"2807903022",40.40272491,-3.67624886
"2807903023",40.4021532,-3.67512887
"2807903024",40.39915279,-3.67266042
"2807903025",40.3968935,-3.67259154
"2807903026",40.39900019,-3.67013526
"2807903027",40.3999053,-3.67039052
"2807903028",40.40088248,-3.67129078
"2807903029",40.4038322,-3.67099863
"2807903030",40.40520376,-3.66959332
"2807903031",40.4075069,-3.6695084
"2807903032",40.41073035,-3.6691948
"2807903033",40.40757736,-3.66636209
"2807903034",40.40926491,-3.6674608
"2807903035",40.41142348,-3.66753954
"2807903036",40.41042353,-3.66604538
"2807903037",40.40990763,-3.66491941
"2807903038",40.41298837,-3.66270245
"2807903039",40.41259151,-3.66502892
"2807903040",40.41388885,-3.66457315
"2807903041",40.4129933,-3.6666393
"2807903042",40.4136911,-3.66841895
"2807903044",40.41551694,-3.66760431
"2807903045",40.41815725,-3.66552583
"2807903046",40.41993361,-3.66687881
"2807903047",40.41858019,-3.66823674
"2807903048",40.41954637,-3.67140663
"2807903049",40.41729331,-3.67041411
"2807903050",40.41739707,-3.67234118
"2807903051",40.41748214,-3.67392837
"2807903052",40.41644669,-3.67345001
"2807903053",40.4163576,-3.67562071
"2807903054",40.41633389,-3.67726288
"2807903055",40.41764301,-3.67709287
"2807903056",40.41755862,-3.6754875
"2807903057",40.41881055,-3.67540362
"2807903058",40.41888567,-3.67698581
"2807903059",40.41854235,-3.67834472
"2807903060",40.42003153,-3.67853795
"2807903061",40.41993913,-3.67689498
"2807903062",40.41986245,-3.67532528
"2807903063",40.41978438,-3.67375773
"2807903064",40.42083809,-3.67367618
"2807903065",40.42091064,-3.67524614
"2807903066",40.42098775,-3.67680478
"2807903067",40.42109773,-3.67867704
"2807903068",40.41410865,-3.68337237
"2807903069",40.41808019,-3.69099391
"2807903070",40.41541577,-3.69090147
"2807903071",40.41129587,-3.69073498
"2807903073",40.40768224,-3.68366025
"2807903074",40.40740719,-3.68168205
"2807903076",40.40809291,-3.68011783
"2807903077",40.40877249,-3.67730116
"2807903078",40.40839599,-3.67565357
"2807903079",40.40752712,-3.67090046
"2807903080",40.40869435,-3.67246571
"2807903081",40.41317975,-3.67180789
"2807903082",40.41049559,-3.67272248
"2807903084",40.41114841,-3.67560608
"2807903085",40.41352732,-3.67457492
"2807903086",40.41455124,-3.67594841
"2807903087",40.41563623,-3.67266083
"2807903088",40.41630132,-3.67067069
"2807903089",40.40329659,-3.68010921
"2807903090",40.41753604,-3.66333653
"2807903091",40.416318,-3.66206055
"2807903092",40.40487094,-3.66754065
"2807903093",40.41790925,-3.66390619
"2807903094",40.41162676,-3.66359974
"2807903095",40.40125428,-3.67719991
"2807903096",40.4030654,-3.68258735
"2807903097",40.39954252,-3.67467181
"2807903098",40.40203842,-3.66893782
"2807903099",40.40170642,-3.67289839
"2807904001",40.42124496,-3.69047883
"2807904002",40.42137246,-3.68724823
"2807904003",40.42189966,-3.68510005
"2807904004",40.42399186,-3.68559719
"2807904005",40.42457924,-3.68862122
"2807904006",40.4278979,-3.68796929
"2807904007",40.42650977,-3.6852029
"2807904008",40.42847231,-3.68497726
"2807904009",40.42798997,-3.68192059
"2807904010",40.42643231,-3.68335644
"2807904011",40.42612615,-3.68115437
"2807904012",40.42332337,-3.68328312
"2807904013",40.42272491,-3.68238266
"2807904014",40.42302264,-3.6810825
"2807904015",40.42312678,-3.67955979
"2807904016",40.4249834,-3.67907841
"2807904017",40.42257004,-3.6781431
"2807904018",40.42249246,-3.67667836
"2807904019",40.42412383,-3.67690475
"2807904020",40.42543978,-3.67581835
"2807904021",40.4254708,-3.67791038
"2807904023",40.42749296,-3.67921545
"2807904024",40.42810807,-3.67768377
"2807904025",40.42672639,-3.67780327
"2807904026",40.42664972,-3.67633631
"2807904027",40.42803179,-3.67621704
"2807904028",40.42795613,-3.67466231
"2807904029",40.42767384,-3.67288283
"2807904030",40.42648122,-3.67430765
"2807904031",40.42515201,-3.67368763
"2807904032",40.42515695,-3.67172393
"2807904033",40.42637813,-3.67173606
"2807904034",40.42772228,-3.67019244
"2807904035",40.42632712,-3.66967763
"2807904036",40.42506383,-3.6697893
"2807904037",40.42342741,-3.6699178
"2807904038",40.42397768,-3.67138643
"2807904039",40.424022,-3.6745442
"2807904040",40.42289737,-3.67509368
"2807904041",40.42281828,-3.67352232
"2807904042",40.42212874,-3.67190578
"2807904043",40.42176527,-3.66603756
"2807904044",40.42220719,-3.66169292
"2807904045",40.42328027,-3.66510238
"2807904046",40.42335804,-3.66788394
"2807904047",40.42455629,-3.66596529
"2807904048",40.42423384,-3.66779689
"2807904049",40.42508519,-3.66741093
"2807904050",40.42618113,-3.668129
"2807904051",40.42585239,-3.66624438
"2807904052",40.42627031,-3.66505387
"2807904053",40.42586863,-3.66227366
"2807904054",40.42707425,-3.66100352
"2807904055",40.42784945,-3.66281051
"2807904056",40.42750728,-3.66424497
"2807904057",40.42759295,-3.66731742
"2807904058",40.42861742,-3.66575045
"2807904060",40.43010711,-3.66257028
"2807904061",40.429394,-3.66697688
"2807904062",40.43010972,-3.66762056
"2807904063",40.43106682,-3.66887584
"2807904064",40.43168854,-3.66596144
"2807904065",40.43181884,-3.66929857
"2807904067",40.43301174,-3.67142256
"2807904068",40.43293341,-3.66988476
"2807904069",40.43363905,-3.66725786
"2807904070",40.43396026,-3.66508805
"2807904071",40.43307085,-3.66248331
"2807904072",40.43583872,-3.66213097
"2807904073",40.43570263,-3.66502513
"2807904074",40.43802697,-3.66082071
"2807904075",40.43749376,-3.66348378
"2807904076",40.43912154,-3.66194253
"2807904077",40.44026003,-3.6620627
"2807904078",40.44136887,-3.66195905
"2807904079",40.44208268,-3.66256139
"2807904080",40.44276371,-3.66123337
"2807904081",40.44187428,-3.66516537
"2807904082",40.44010415,-3.66354603
"2807904083",40.43892849,-3.66451452
"2807904084",40.43772939,-3.66434744
"2807904085",40.43709633,-3.66679647
"2807904086",40.43903292,-3.668582
"2807904087",40.43477112,-3.66981452
"2807904088",40.43484526,-3.6731498
"2807904089",40.4357627,-3.67200316
"2807904090",40.43644347,-3.67115881
"2807904091",40.43715057,-3.67316065
"2807904092",40.43699438,-3.67467145
"2807904093",40.43601246,-3.67522093
"2807904094",40.43796745,-3.67520339
"2807904095",40.43639646,-3.67699542
"2807904096",40.43667199,-3.67841124
"2807904097",40.43478406,-3.67858191
"2807904098",40.43470627,-3.67711973
"2807904099",40.43437425,-3.67531879
"2807904100",40.43297679,-3.67580008
"2807904101",40.43290496,-3.67423014
"2807904102",40.43177701,-3.67508855
"2807904103",40.43193285,-3.67285672
"2807904104",40.43042013,-3.67144667
"2807904105",40.42903608,-3.67084591
"2807904106",40.42917991,-3.67299435
"2807904107",40.43040455,-3.67289159
"2807904108",40.43051389,-3.67520278
"2807904109",40.42928386,-3.67530633
"2807904110",40.42939642,-3.67757232
"2807904111",40.43027578,-3.67848505
"2807904112",40.43241863,-3.67731328
"2807904113",40.43249396,-3.67877976
"2807904114",40.43024186,-3.68172027
"2807904115",40.43168968,-3.68303928
"2807904116",40.43104367,-3.68579768
"2807904117",40.43076441,-3.68738637
"2807904118",40.43480237,-3.68719819
"2807904119",40.43336875,-3.6846455
"2807904120",40.43322937,-3.68079685
"2807904121",40.43428774,-3.68070691
"2807904123",40.43614139,-3.67991722
"2807904124",40.43620639,-3.68123043
"2807904126",40.43573907,-3.68257474
"2807904127",40.43563206,-3.68486126
"2807904128",40.4369251,-3.68369441
"2807904129",40.43697087,-3.68474408
"2807904130",40.43714709,-3.68773958
"2807905001",40.44024204,-3.68327897
"2807905002",40.44212586,-3.68868572
"2807905003",40.44709929,-3.68681713
"2807905004",40.4498228,-3.69002185
"2807905005",40.45108049,-3.68799074
"2807905006",40.44981019,-3.68630009
"2807905007",40.45067353,-3.68059735
"2807905008",40.44777366,-3.68254959
"2807905009",40.44596379,-3.67953649
"2807905010",40.4434113,-3.68183481
"2807905011",40.44172651,-3.68096659
"2807905012",40.44283067,-3.6794793
"2807905013",40.44060398,-3.67958371
"2807905014",40.43904321,-3.67811121
"2807905015",40.44118513,-3.67754436
"2807905016",40.44199793,-3.6761079
"2807905017",40.44291904,-3.6747396
"2807905018",40.44267863,-3.67355208
"2807905019",40.4441564,-3.67310351
"2807905020",40.44537405,-3.6712234
"2807905021",40.44622008,-3.66939869
"2807905022",40.44728342,-3.66845649
"2807905023",40.44766434,-3.66701769
"2807905024",40.44591048,-3.66746045
"2807905025",40.44452579,-3.66781492
"2807905026",40.44446465,-3.66910803
"2807905027",40.44447415,-3.67042654
"2807905028",40.44310162,-3.671365
"2807905029",40.44139088,-3.67350704
"2807905030",40.44042834,-3.67614639
"2807905031",40.43847619,-3.67665535
"2807905032",40.43975479,-3.67425252
"2807905033",40.44088024,-3.67111734
"2807905034",40.44220578,-3.6687793
"2807905035",40.44306975,-3.66839672
"2807905036",40.44488212,-3.66379791
"2807905037",40.44860207,-3.66519935
"2807905038",40.45079058,-3.669998
"2807905039",40.4485817,-3.66961771
"2807905040",40.44678442,-3.67148054
"2807905041",40.44535104,-3.67315289
"2807905042",40.4441997,-3.67540557
"2807905043",40.44390375,-3.67757881
"2807905044",40.44727438,-3.67674579
"2807905045",40.44641823,-3.67366075
"2807905046",40.44757754,-3.6728404
"2807905047",40.44787974,-3.67456548
"2807905048",40.44838164,-3.67532185
"2807905049",40.45024592,-3.67614126
"2807905051",40.45380154,-3.6732076
"2807905052",40.45302466,-3.67060371
"2807905053",40.45578232,-3.66606924
"2807905054",40.45579637,-3.67027982
"2807905055",40.45783434,-3.66945554
"2807905056",40.45783216,-3.67364899
"2807905057",40.45599445,-3.67291649
"2807905058",40.45427093,-3.67567525
"2807905059",40.4578601,-3.67635079
"2807905060",40.45710613,-3.67746868
"2807905061",40.4572537,-3.67902619
"2807905062",40.453825,-3.67820133
"2807905063",40.45248047,-3.67982678
"2807905064",40.45297044,-3.6826189
"2807905065",40.45526997,-3.67987784
"2807905066",40.45684613,-3.68205791
"2807905067",40.45600083,-3.68549161
"2807905068",40.4538821,-3.68862625
"2807905069",40.45769404,-3.68877107
"2807905070",40.46117473,-3.68883821
"2807905072",40.46135026,-3.68698426
"2807905073",40.46061639,-3.68606824
"2807905074",40.4610137,-3.68337113
"2807905075",40.4634167,-3.68226914
"2807905076",40.4655162,-3.68442071
"2807905077",40.46476855,-3.67809366
"2807905078",40.4616954,-3.67804751
"2807905079",40.45944616,-3.67908131
"2807905080",40.45948149,-3.67615551
"2807905081",40.45936406,-3.67239846
"2807905082",40.46405633,-3.67416792
"2807905083",40.46155655,-3.67155758
"2807905084",40.46282396,-3.6684844
"2807905085",40.46923617,-3.67339901
"2807905086",40.46894451,-3.68476712
"2807905087",40.46759093,-3.68659419
"2807905088",40.46842687,-3.68801737
"2807905089",40.47045915,-3.68728201
"2807905090",40.4726519,-3.68664116
"2807905091",40.47515892,-3.68498311
"2807905092",40.47749665,-3.68518331
"2807905093",40.47932756,-3.6845402
"2807905094",40.47743596,-3.68030425
"2807905095",40.44514663,-3.6660561
"2807905096",40.44527762,-3.67582248
"2807905097",40.45497681,-3.68142366
"2807905098",40.45617931,-3.67654888
"2807905099",40.45011403,-3.66370408
"2807905100",40.47017507,-3.67908084
"2807905101",40.4755924,-3.67537862
"2807905102",40.44663767,-3.6654449
"2807906001",40.44821164,-3.70775119
"2807906002",40.44940278,-3.70715106
"2807906003",40.45050913,-3.70942504
"2807906004",40.45103097,-3.7083418
"2807906005",40.45081717,-3.70681401
"2807906006",40.45207232,-3.70718881
"2807906007",40.45307083,-3.70786862
"2807906008",40.45215858,-3.71008859
"2807906009",40.45321658,-3.71022312
"2807906010",40.45579981,-3.710065
"2807906011",40.45502712,-3.70827068
"2807906012",40.45533116,-3.70729566
"2807906013",40.45612519,-3.70642865
"2807906014",40.45492318,-3.70458991
"2807906015",40.45403377,-3.70668199
"2807906016",40.45350709,-3.70464886
"2807906017",40.45272889,-3.70554314
"2807906018",40.45173554,-3.70457976
"2807906019",40.45038331,-3.70471538
"2807906021",40.44856111,-3.70480074
"2807906023",40.44729822,-3.70533595
"2807906024",40.44705904,-3.70218564
"2807906025",40.44783964,-3.70120686
"2807906026",40.44731388,-3.69994032
"2807906027",40.44733705,-3.69818185
"2807906028",40.44866857,-3.69613555
"2807906029",40.4492791,-3.69313094
"2807906031",40.44890308,-3.69795523
"2807906032",40.44861076,-3.70042698
"2807906033",40.44863517,-3.70281804
"2807906034",40.44931037,-3.70034673
"2807906035",40.4500854,-3.70156452
"2807906036",40.45095414,-3.70170228
"2807906037",40.45030537,-3.69905424
"2807906038",40.45035823,-3.69752028
"2807906039",40.45162751,-3.69583633
"2807906040",40.45171303,-3.69737764
"2807906041",40.45197251,-3.69949774
"2807906042",40.4523353,-3.7018045
"2807906043",40.45366855,-3.70100009
"2807906044",40.4533571,-3.69823272
"2807906045",40.45323783,-3.69608437
"2807906046",40.45395455,-3.69248773
"2807906048",40.45568713,-3.69351214
"2807906049",40.45579715,-3.69534613
"2807906050",40.45460379,-3.69545793
"2807906051",40.45531459,-3.69695737
"2807906052",40.45561835,-3.69836967
"2807906053",40.45497712,-3.70086158
"2807906054",40.456282,-3.70024784
"2807906056",40.45784603,-3.69910849
"2807906057",40.45883959,-3.69843903
"2807906058",40.46018836,-3.6976193
"2807906059",40.45880674,-3.69560035
"2807906060",40.45707876,-3.69658111
"2807906061",40.45737408,-3.69536392
"2807906062",40.45776022,-3.69330279
"2807906063",40.45764724,-3.69114362
"2807906064",40.45993837,-3.6920948
"2807906065",40.46140588,-3.69188319
"2807906066",40.46032637,-3.6952259
"2807906067",40.4616992,-3.69680214
"2807906068",40.46223767,-3.6952859
"2807906069",40.46394469,-3.69441653
"2807906070",40.46355733,-3.69257539
"2807906071",40.46389664,-3.69052523
"2807906072",40.46607648,-3.69277515
"2807906073",40.46926824,-3.69753158
"2807906074",40.46769361,-3.69218202
"2807906075",40.4698174,-3.69186811
"2807906076",40.46877497,-3.6900464
"2807906077",40.47012926,-3.68931067
"2807906078",40.47169248,-3.68902837
"2807906079",40.47352848,-3.68831326
"2807906080",40.47205064,-3.69067633
"2807906081",40.47251586,-3.69357974
"2807906084",40.47319645,-3.69681426
"2807906085",40.47062885,-3.69364592
"2807906089",40.47109099,-3.70069089
"2807906090",40.46927722,-3.70048753
"2807906091",40.46687916,-3.69777991
"2807906092",40.46414525,-3.69753085
"2807906093",40.46699726,-3.69996459
"2807906094",40.46588592,-3.70114967
"2807906095",40.46754091,-3.70218371
"2807906096",40.46834712,-3.70255566
"2807906097",40.46930114,-3.70355181
"2807906098",40.46832199,-3.7047283
"2807906099",40.46861964,-3.70806459
"2807906101",40.46670871,-3.70674515
"2807906102",40.46599506,-3.70456436
"2807906103",40.46473681,-3.70462852
"2807906104",40.46407377,-3.7025556
"2807906105",40.46316949,-3.70084342
"2807906106",40.46390638,-3.69947398
"2807906107",40.46202094,-3.69852875
"2807906108",40.46025583,-3.69999647
"2807906109",40.46098254,-3.70198623
"2807906110",40.46238314,-3.70375124
"2807906111",40.46227071,-3.70558303
"2807906112",40.46197635,-3.70736991
"2807906113",40.46052933,-3.70654009
"2807906114",40.45994691,-3.70847299
"2807906115",40.45919733,-3.70702485
"2807906116",40.45943983,-3.7045083
"2807906117",40.45873957,-3.70233581
"2807906118",40.45667886,-3.70281253
"2807906119",40.45532827,-3.70307492
"2807906120",40.45671056,-3.7038353
"2807906121",40.45782177,-3.70529806
"2807906122",40.45751305,-3.70686682
"2807906123",40.45745752,-3.70879195
"2807906124",40.45850158,-3.71002374
"2807906125",40.45443152,-3.7118982
"2807906126",40.46541672,-3.69703613
"2807906127",40.46939692,-3.69445094
"2807906128",40.47065486,-3.69890729
"2807906129",40.46731743,-3.69590226
"2807907001",40.43127501,-3.71565756
"2807907002",40.43112712,-3.71402592
"2807907003",40.43101583,-3.71261394
"2807907004",40.43237484,-3.71249915
"2807907005",40.43242625,-3.71392969
"2807907006",40.43311285,-3.71504386
"2807907007",40.43254547,-3.71663768
"2807907008",40.43450309,-3.71739642
"2807907009",40.43376988,-3.7161546
"2807907010",40.43362083,-3.71300981
"2807907011",40.43482517,-3.71268278
"2807907012",40.4348302,-3.71514564
"2807907013",40.43603944,-3.71738586
"2807907014",40.43595868,-3.71544705
"2807907015",40.43588079,-3.71369637
"2807907016",40.43581868,-3.71223875
"2807907017",40.43698349,-3.71215431
"2807907018",40.43775141,-3.71357977
"2807907019",40.43713341,-3.71537904
"2807907021",40.43812278,-3.7162998
"2807907023",40.438281,-3.71205368
"2807907024",40.43821294,-3.7105954
"2807907025",40.43815384,-3.70918123
"2807907026",40.43764357,-3.70655315
"2807907028",40.43655828,-3.7054884
"2807907030",40.43684435,-3.70927421
"2807907031",40.43691043,-3.71069078
"2807907032",40.43571354,-3.70995584
"2807907034",40.43560192,-3.70767012
"2807907035",40.43554422,-3.70620798
"2807907036",40.43475877,-3.70498359
"2807907038",40.43437804,-3.70626683
"2807907039",40.43448082,-3.70776288
"2807907040",40.43461535,-3.71004294
"2807907041",40.4334805,-3.71016006
"2807907042",40.43336048,-3.70729573
"2807907043",40.43237125,-3.7058158
"2807907044",40.43218088,-3.70799132
"2807907045",40.43227011,-3.7095988
"2807907046",40.43232276,-3.71101565
"2807907047",40.43090809,-3.71111336
"2807907048",40.43075839,-3.70888726
"2807907049",40.43060829,-3.7063915
"2807907050",40.42969367,-3.70404722
"2807907051",40.42984056,-3.70181034
"2807907052",40.43075063,-3.70217749
"2807907053",40.43069126,-3.70419272
"2807907055",40.43212462,-3.70427198
"2807907056",40.43148034,-3.7022318
"2807907057",40.43158781,-3.70031274
"2807907058",40.4323916,-3.70255048
"2807907059",40.43341697,-3.70269249
"2807907060",40.43434809,-3.70321737
"2807907061",40.43539326,-3.70323066
"2807907062",40.43652521,-3.70345453
"2807907063",40.43781167,-3.7026521
"2807907064",40.43723613,-3.7002837
"2807907065",40.43564632,-3.69999349
"2807907066",40.4364353,-3.70178799
"2807907067",40.4351614,-3.70130008
"2807907068",40.43404728,-3.69917031
"2807907069",40.43368192,-3.7006324
"2807907070",40.43267521,-3.69895258
"2807907071",40.43132199,-3.69823969
"2807907072",40.42961081,-3.69794068
"2807907073",40.42894913,-3.69917982
"2807907075",40.42709133,-3.69226719
"2807907076",40.42890192,-3.69416624
"2807907078",40.43011567,-3.69356194
"2807907079",40.43080949,-3.69604535
"2807907080",40.43194333,-3.69499321
"2807907081",40.43089172,-3.6909038
"2807907082",40.43419829,-3.69054584
"2807907083",40.43347379,-3.69229126
"2807907084",40.43397445,-3.69407972
"2807907085",40.43390227,-3.69661947
"2807907086",40.43536636,-3.69776764
"2807907087",40.43571872,-3.69440111
"2807907088",40.43613893,-3.69557271
"2807907089",40.43622578,-3.69785577
"2807907090",40.43770599,-3.69930484
"2807907091",40.43751244,-3.69751685
"2807907092",40.43743336,-3.69467555
"2807907093",40.43646057,-3.69137115
"2807907094",40.43873816,-3.69355328
"2807907095",40.44299004,-3.69317431
"2807907096",40.44052728,-3.69525267
"2807907097",40.43946495,-3.69694855
"2807907098",40.44118456,-3.6968029
"2807907099",40.44125784,-3.69833535
"2807907100",40.44011992,-3.69842513
"2807907101",40.43898449,-3.69851634
"2807907102",40.43909782,-3.69992367
"2807907103",40.44089819,-3.70024489
"2807907104",40.44017324,-3.70257364
"2807907105",40.44262623,-3.70306045
"2807907106",40.44418216,-3.70337674
"2807907107",40.4432484,-3.70149007
"2807907108",40.44303312,-3.69980977
"2807907109",40.44295282,-3.69819362
"2807907110",40.44231865,-3.69615193
"2807907111",40.4434298,-3.69617668
"2807907112",40.44433532,-3.69618541
"2807907113",40.44553888,-3.6961772
"2807907114",40.44530995,-3.69798863
"2807907115",40.44538871,-3.6996036
"2807907116",40.44480809,-3.70176345
"2807907117",40.44606012,-3.70218807
"2807907118",40.44478222,-3.70507621
"2807907119",40.44633031,-3.70698032
"2807907120",40.4440109,-3.70813523
"2807907121",40.44034187,-3.70565924
"2807907122",40.43938545,-3.70736541
"2807907123",40.43967343,-3.70900199
"2807907124",40.43933743,-3.7109458
"2807907125",40.44143993,-3.71081358
"2807907126",40.44065278,-3.71335296
"2807907127",40.4399759,-3.71425051
"2807907128",40.4396556,-3.71606728
"2807907129",40.44048332,-3.7169976
"2807907130",40.44189434,-3.71670641
"2807907131",40.44203996,-3.71377274
"2807907132",40.44386685,-3.71741583
"2807907133",40.44373178,-3.71330817
"2807907134",40.44453348,-3.71155267
"2807907135",40.44545052,-3.71514128
"2807908001",40.5305436,-3.77896692
"2807908002",40.53670254,-3.8192851
"2807908003",40.51790055,-3.77637275
"2807908004",40.56937101,-3.71466126
"2807908005",40.48294431,-3.7416864
"2807908006",40.47712351,-3.74128379
"2807908007",40.47513474,-3.7395861
"2807908008",40.47513768,-3.73322595
"2807908009",40.47487867,-3.72616755
"2807908010",40.47715576,-3.72567155
"2807908011",40.47864238,-3.72401537
"2807908012",40.47995994,-3.72718107
"2807908013",40.47898582,-3.73386721
"2807908014",40.48378526,-3.72324008
"2807908015",40.48152596,-3.72305373
"2807908016",40.48161034,-3.72163277
"2807908017",40.48418632,-3.72156839
"2807908018",40.4832334,-3.72071443
"2807908019",40.48373838,-3.7181551
"2807908020",40.4816887,-3.71790185
"2807908021",40.48095452,-3.71952942
"2807908022",40.48038311,-3.72101201
"2807908023",40.47982608,-3.72233365
"2807908024",40.47802265,-3.71950844
"2807908025",40.4797243,-3.71633724
"2807908026",40.47975502,-3.71937596
"2807908027",40.48062243,-3.71744496
"2807908028",40.48210295,-3.71541355
"2807908029",40.48067975,-3.71446344
"2807908030",40.48131559,-3.71218505
"2807908031",40.48181045,-3.71001876
"2807908032",40.48285368,-3.71239146
"2807908033",40.48424236,-3.71065436
"2807908034",40.48321681,-3.70805104
"2807908035",40.4875489,-3.70259024
"2807908036",40.48679438,-3.70091686
"2807908037",40.48503202,-3.7055282
"2807908038",40.48393979,-3.70579672
"2807908039",40.48443379,-3.70414112
"2807908040",40.48522681,-3.7019075
"2807908041",40.4862495,-3.6996796
"2807908042",40.48493712,-3.69896228
"2807908043",40.48402291,-3.7012073
"2807908044",40.48304318,-3.70398052
"2807908045",40.47977965,-3.70898537
"2807908046",40.47858265,-3.71364019
"2807908047",40.47846364,-3.71542013
"2807908048",40.47776995,-3.714814
"2807908049",40.47635666,-3.71846498
"2807908050",40.47471722,-3.71718948
"2807908051",40.47375738,-3.71949651
"2807908052",40.47186145,-3.71602278
"2807908053",40.47099798,-3.71337301
"2807908054",40.47179719,-3.710603
"2807908055",40.472205,-3.70634826
"2807908056",40.47369638,-3.70366293
"2807908057",40.47566958,-3.70362396
"2807908058",40.47468426,-3.70486459
"2807908059",40.47512671,-3.70776774
"2807908060",40.473434,-3.70654591
"2807908061",40.47323585,-3.70934057
"2807908062",40.4725921,-3.711416
"2807908063",40.47369025,-3.71151001
"2807908064",40.47296268,-3.71347271
"2807908065",40.47384799,-3.71460204
"2807908066",40.47515814,-3.71384886
"2807908067",40.47556899,-3.71291864
"2807908068",40.47428105,-3.7127235
"2807908069",40.47595957,-3.71202816
"2807908071",40.47537318,-3.71479261
"2807908072",40.47644537,-3.71552035
"2807908073",40.47667319,-3.71443401
"2807908074",40.47689564,-3.71340252
"2807908075",40.47709821,-3.71241733
"2807908076",40.47766433,-3.71088038
"2807908077",40.47822571,-3.7081218
"2807908078",40.47865727,-3.70503478
"2807908079",40.47804775,-3.70507603
"2807908080",40.47777583,-3.70642138
"2807908081",40.47747431,-3.70789915
"2807908082",40.47717739,-3.70932362
"2807908083",40.47692822,-3.71076033
"2807908084",40.47602861,-3.71094004
"2807908085",40.47617517,-3.70954628
"2807908086",40.47647784,-3.70809774
"2807908087",40.47675096,-3.70683799
"2807908088",40.47701729,-3.70557843
"2807908089",40.47727981,-3.70419945
"2807908090",40.47565715,-3.70179403
"2807908091",40.47759861,-3.7027609
"2807908092",40.47879325,-3.70319842
"2807908093",40.47946365,-3.70143665
"2807908094",40.47882457,-3.70074028
"2807908095",40.47855414,-3.69867802
"2807908096",40.4767683,-3.70019527
"2807908097",40.47539776,-3.69888768
"2807908098",40.47705545,-3.69202484
"2807908099",40.48095006,-3.69808824
"2807908100",40.4828713,-3.69725801
"2807908102",40.48449213,-3.69528245
"2807908103",40.48230956,-3.68985882
"2807908104",40.48367098,-3.68630798
"2807908105",40.4853586,-3.68534299
"2807908106",40.48571222,-3.68735629
"2807908107",40.48462754,-3.68806801
"2807908108",40.48540368,-3.68946387
"2807908109",40.48661311,-3.68834112
"2807908110",40.48733043,-3.69004009
"2807908111",40.48835694,-3.69125261
"2807908112",40.48862745,-3.68221072
"2807908113",40.49203237,-3.68558012
"2807908114",40.49182762,-3.68802663
"2807908115",40.49248712,-3.69025613
"2807908116",40.49319146,-3.69200968
"2807908117",40.49277132,-3.69316257
"2807908119",40.49154778,-3.69537137
"2807908120",40.49326099,-3.69560672
"2807908121",40.49697628,-3.69677935
"2807908122",40.49516813,-3.69321277
"2807908123",40.49367323,-3.68944594
"2807908124",40.49586783,-3.69045879
"2807908125",40.4969118,-3.68816317
"2807908126",40.4942163,-3.68620165
"2807908128",40.51336397,-3.66843925
"2807908129",40.52339654,-3.70036731
"2807908130",40.55782615,-3.69908554
"2807908131",40.5009529,-3.70776127
"2807908132",40.49518827,-3.70352466
"2807908133",40.49254192,-3.70013573
"2807908134",40.49180917,-3.70431194
"2807908135",40.49806786,-3.71150338
"2807908136",40.49373606,-3.71539305
"2807908137",40.49111143,-3.71153321
"2807908138",40.48691264,-3.71139482
"2807908139",40.4991544,-3.7280056
"2807908140",40.48354747,-3.72488304
"2807908141",40.48282869,-3.72665637
"2807908142",40.48413949,-3.72700591
"2807908143",40.48517839,-3.73337476
"2807908144",40.4862302,-3.70408719
"2807908145",40.48250138,-3.73229244
"2807908146",40.4861508,-3.69693688
"2807908147",40.49586395,-3.71521862
"2807908148",40.47314646,-3.72299816
"2807908149",40.47884868,-3.7213517
"2807908150",40.48260247,-3.69475237
"2807908151",40.48189291,-3.72435664
"2807908152",40.49711063,-3.7075989
"2807908153",40.4988705,-3.68994392
"2807908154",40.48697843,-3.71776964
"2807908155",40.49082929,-3.71904649
"2807908156",40.48684284,-3.72512692
"2807908157",40.47220589,-3.71859565
"2807908158",40.49585237,-3.71003308
"2807908159",40.50326128,-3.68845746
"2807908160",40.5019206,-3.67229003
"2807908161",40.5057297,-3.6746247
"2807908162",40.50254228,-3.69277143
"2807908163",40.48693013,-3.72089929
"2807908164",40.50586343,-3.70699051
"2807908165",40.50618745,-3.6943036
"2807908166",40.49771619,-3.67983877
"2807908167",40.50793671,-3.66288023
"2807908168",40.50470205,-3.67823709
"2807908169",40.50864909,-3.6988311
"2807908170",40.50610504,-3.66966526
"2807908171",40.50000234,-3.66724374
"2807908172",40.49872795,-3.67583873
"2807908173",40.50437236,-3.70273296
"2807908174",40.51234205,-3.67704933
"2807908175",40.49823604,-3.70447228
"2807908176",40.51215939,-3.69048321
"2807909001",40.42325372,-3.72541672
"2807909002",40.42307402,-3.75618767
"2807909004",40.42584138,-3.72954974
"2807909005",40.42809597,-3.73255143
"2807909006",40.42759141,-3.73380121
"2807909007",40.43148494,-3.73609732
"2807909008",40.43214756,-3.73415171
"2807909009",40.42651481,-3.72843441
"2807909010",40.42933301,-3.72453474
"2807909011",40.42189992,-3.71778749
"2807909012",40.42074649,-3.71691635
"2807909013",40.42148525,-3.71529363
"2807909014",40.42361162,-3.71330924
"2807909015",40.42519023,-3.71540101
"2807909016",40.42642812,-3.71426349
"2807909017",40.42695093,-3.71591711
"2807909018",40.42649969,-3.71809866
"2807909019",40.42839211,-3.71642166
"2807909020",40.4277166,-3.71907694
"2807909021",40.42868,-3.72003975
"2807909022",40.4296452,-3.71748837
"2807909023",40.43087021,-3.71806198
"2807909024",40.42962644,-3.72083023
"2807909025",40.43025349,-3.72147654
"2807909026",40.43112333,-3.71939086
"2807909028",40.43349184,-3.71934009
"2807909029",40.43160279,-3.72119608
"2807909030",40.43157888,-3.72344096
"2807909031",40.43288866,-3.72228353
"2807909033",40.44751297,-3.73386387
"2807909034",40.44732475,-3.71593095
"2807909035",40.44636198,-3.7139107
"2807909036",40.44719891,-3.71047468
"2807909037",40.44970863,-3.71275897
"2807909038",40.45507373,-3.71647986
"2807909039",40.4561511,-3.71322257
"2807909040",40.45716587,-3.71478767
"2807909041",40.46290112,-3.72664349
"2807909043",40.4650122,-3.74648186
"2807909044",40.4666602,-3.72566999
"2807909045",40.46972481,-3.72736706
"2807909046",40.47150468,-3.72509188
"2807909047",40.46935182,-3.7240358
"2807909049",40.46875496,-3.72175089
"2807909050",40.4689568,-3.71993756
"2807909051",40.46803325,-3.7183551
"2807909052",40.46967101,-3.71759881
"2807909053",40.46719829,-3.71591821
"2807909054",40.46474548,-3.71824746
"2807909055",40.46641565,-3.72046636
"2807909056",40.46555094,-3.72211995
"2807909057",40.46373274,-3.7193874
"2807909058",40.46307984,-3.71791012
"2807909060",40.46465499,-3.71652475
"2807909061",40.46383591,-3.71519237
"2807909063",40.46594958,-3.71237957
"2807909064",40.46372426,-3.71218693
"2807909065",40.46336897,-3.71002727
"2807909066",40.46232926,-3.70930268
"2807909067",40.46130475,-3.71135327
"2807909068",40.46045982,-3.71028269
"2807909069",40.45881089,-3.71183203
"2807909070",40.4608374,-3.71555137
"2807909071",40.47100166,-3.77670883
"2807909072",40.46971104,-3.82082894
"2807909073",40.45838306,-3.79283148
"2807909074",40.45793818,-3.78482327
"2807909075",40.4620241,-3.78533449
"2807909076",40.45874685,-3.78094261
"2807909077",40.45752448,-3.78103341
"2807909078",40.45563656,-3.76611407
"2807909079",40.44827303,-3.77247881
"2807909080",40.4521889,-3.78335674
"2807909081",40.42931389,-3.7315785
"2807909082",40.47026465,-3.7211684
"2807909083",40.44676997,-3.78091619
"2807909084",40.42053211,-3.72175996
"2807909085",40.44972231,-3.78832849
"2807909086",40.46626817,-3.78039657
"2807909087",40.45671294,-3.77536126
"2807909088",40.44580555,-3.78704673
"2807910001",40.3948167,-3.74138461
"2807910002",40.39471718,-3.73990024
"2807910003",40.39603059,-3.73844463
"2807910004",40.39772889,-3.73721157
"2807910005",40.3969384,-3.7402496
"2807910006",40.40184016,-3.73469394
"2807910007",40.40323871,-3.74295218
"2807910008",40.40392484,-3.74238391
"2807910009",40.40418243,-3.74062017
"2807910010",40.40351038,-3.73911212
"2807910011",40.4066195,-3.72346457
"2807910012",40.40792377,-3.72296952
"2807910013",40.41108456,-3.72306735
"2807910014",40.41035746,-3.72505414
"2807910015",40.41099297,-3.72635723
"2807910016",40.41302873,-3.72518438
"2807910017",40.4153256,-3.72388399
"2807910018",40.41281696,-3.72653127
"2807910020",40.40833566,-3.72769166
"2807910021",40.41012114,-3.72871938
"2807910022",40.41268858,-3.72757308
"2807910023",40.41269028,-3.7293801
"2807910024",40.4116009,-3.72918137
"2807910025",40.41112662,-3.73092176
"2807910026",40.41322261,-3.73146984
"2807910027",40.41133036,-3.73369038
"2807910028",40.41081114,-3.73218585
"2807910029",40.40952134,-3.73151342
"2807910030",40.40799967,-3.73064125
"2807910031",40.40591204,-3.7326441
"2807910032",40.40813516,-3.73229815
"2807910033",40.40671538,-3.73353278
"2807910034",40.40811225,-3.73412041
"2807910035",40.4097863,-3.73462935
"2807910036",40.41151385,-3.73610414
"2807910037",40.40922422,-3.73679229
"2807910038",40.40716064,-3.73611114
"2807910039",40.4064581,-3.73485802
"2807910040",40.40473593,-3.73618812
"2807910041",40.40605167,-3.73818132
"2807910042",40.40707845,-3.73804698
"2807910043",40.40877516,-3.73907492
"2807910044",40.40998325,-3.73971933
"2807910046",40.40755575,-3.74041753
"2807910047",40.40617425,-3.74089909
"2807910048",40.40532434,-3.74002912
"2807910049",40.40467646,-3.73995374
"2807910050",40.40495836,-3.74379323
"2807910051",40.40589024,-3.7439556
"2807910052",40.40659838,-3.7434443
"2807910053",40.40760256,-3.74285011
"2807910054",40.40597191,-3.74752017
"2807910055",40.40482191,-3.74719231
"2807910056",40.40379342,-3.74543674
"2807910057",40.40215791,-3.74585786
"2807910058",40.40291975,-3.74726263
"2807910059",40.40264351,-3.74845466
"2807910060",40.39885818,-3.75029841
"2807910061",40.39753303,-3.74759541
"2807910062",40.39733687,-3.74574065
"2807910063",40.39603392,-3.74551448
"2807910065",40.39607349,-3.749678
"2807910067",40.40374377,-3.752094
"2807910068",40.40444833,-3.75068576
"2807910069",40.40584748,-3.75114903
"2807910070",40.40650408,-3.7516824
"2807910071",40.40704439,-3.74862514
"2807910072",40.4083604,-3.74573918
"2807910073",40.40761003,-3.7508739
"2807910074",40.40662307,-3.75338193
"2807910075",40.40527054,-3.75417121
"2807910076",40.40475952,-3.75588285
"2807910077",40.40409397,-3.75765157
"2807910078",40.40306067,-3.75932318
"2807910081",40.39400419,-3.74821531
"2807910082",40.39379467,-3.74297034
"2807910083",40.39297473,-3.74341658
"2807910084",40.39144453,-3.74381677
"2807910086",40.39110656,-3.74540473
"2807910087",40.38878623,-3.74843223
"2807910088",40.38550599,-3.75168035
"2807910089",40.38430215,-3.75337154
"2807910090",40.38569333,-3.75389333
"2807910091",40.38481793,-3.75841625
"2807910092",40.38593777,-3.75526619
"2807910093",40.38646543,-3.75642677
"2807910094",40.38579857,-3.75816734
"2807910095",40.38647031,-3.7590357
"2807910096",40.38793234,-3.75811685
"2807910098",40.38781658,-3.75685027
"2807910099",40.3877035,-3.75422618
"2807910100",40.38906348,-3.75283615
"2807910101",40.39077712,-3.75232541
"2807910102",40.39095371,-3.75059827
"2807910103",40.39285667,-3.75074945
"2807910104",40.39389782,-3.7513254
"2807910105",40.39471599,-3.75428315
"2807910106",40.39339447,-3.7539348
"2807910107",40.39227048,-3.75283972
"2807910108",40.39185016,-3.75449692
"2807910109",40.38995548,-3.75462413
"2807910110",40.38928697,-3.75629824
"2807910111",40.38921419,-3.75793955
"2807910112",40.39049844,-3.7579372
"2807910113",40.3901009,-3.75687444
"2807910114",40.39111928,-3.75619274
"2807910115",40.39174378,-3.75744906
"2807910116",40.39295229,-3.75641668
"2807910117",40.39405733,-3.7575233
"2807910118",40.39452062,-3.75633584
"2807910119",40.39641064,-3.75582055
"2807910120",40.39468029,-3.75921191
"2807910121",40.3896406,-3.75973942
"2807910122",40.3882172,-3.7620692
"2807910123",40.38858863,-3.76427344
"2807910124",40.39054132,-3.76383872
"2807910125",40.38985085,-3.76171771
"2807910126",40.39147047,-3.76197639
"2807910127",40.39162611,-3.76059782
"2807910128",40.39297439,-3.76278071
"2807910129",40.39246451,-3.76444504
"2807910130",40.3925444,-3.76611452
"2807910131",40.39203971,-3.7679289
"2807910132",40.39414237,-3.76944719
"2807910133",40.39589303,-3.76679406
"2807910134",40.39417507,-3.76601501
"2807910135",40.39463531,-3.76410205
"2807910136",40.39478868,-3.76101046
"2807910137",40.39593866,-3.76020963
"2807910138",40.39738588,-3.75941382
"2807910139",40.39791009,-3.76075781
"2807910140",40.39590706,-3.76211006
"2807910142",40.39729755,-3.7627088
"2807910143",40.39735933,-3.76471252
"2807910144",40.39760134,-3.76758354
"2807910145",40.39880466,-3.76845728
"2807910146",40.39872848,-3.77121488
"2807910147",40.39618194,-3.77013167
"2807910148",40.39555384,-3.77196464
"2807910149",40.39712654,-3.77247939
"2807910150",40.39784199,-3.77341393
"2807910151",40.39916987,-3.77475141
"2807910152",40.39625066,-3.77765981
"2807910153",40.39473578,-3.77425974
"2807910154",40.39388766,-3.78056211
"2807910156",40.37996578,-3.79109971
"2807910157",40.38113094,-3.7920543
"2807910158",40.38437503,-3.80634413
"2807910159",40.37711663,-3.79538139
"2807910161",40.38252042,-3.78394438
"2807910162",40.38296642,-3.78059258
"2807910163",40.38388833,-3.77886064
"2807910164",40.38462434,-3.78045252
"2807910165",40.38841966,-3.7746249
"2807910167",40.38491228,-3.77105459
"2807910168",40.38204028,-3.77994503
"2807910169",40.38088355,-3.78289859
"2807910170",40.37898141,-3.78352573
"2807910171",40.37709199,-3.78215064
"2807910172",40.37815571,-3.78101883
"2807910173",40.3796356,-3.78185244
"2807910174",40.37996471,-3.77943001
"2807910175",40.38056646,-3.77852505
"2807910176",40.38063921,-3.77711506
"2807910178",40.37819523,-3.77550528
"2807910179",40.37788807,-3.77879299
"2807910180",40.37662758,-3.78038045
"2807910181",40.37616246,-3.77876828
"2807910182",40.37671387,-3.77714124
"2807910183",40.37582617,-3.77581715
"2807910184",40.3755345,-3.77395974
"2807910185",40.37728613,-3.77333143
"2807910187",40.38075318,-3.77518634
"2807910188",40.38178059,-3.77288972
"2807910189",40.37985894,-3.77305722
"2807910190",40.37890018,-3.77171935
"2807910191",40.37799108,-3.77011213
"2807910192",40.37586299,-3.76923454
"2807910193",40.3767446,-3.771115
"2807910194",40.37501813,-3.77174488
"2807910195",40.37441501,-3.76946356
"2807910196",40.37465427,-3.76666985
"2807910197",40.37413314,-3.76361817
"2807910198",40.376916,-3.76445244
"2807910199",40.37810119,-3.76775362
"2807910201",40.38049242,-3.77014774
"2807910202",40.38219609,-3.77077987
"2807910203",40.38220776,-3.76854137
"2807910204",40.3834035,-3.76637787
"2807910205",40.38013736,-3.7608713
"2807910206",40.41478767,-3.72693727
"2807910207",40.39974017,-3.76082991
"2807910209",40.38065023,-3.76658224
"2807910210",40.37947608,-3.76407897
"2807910211",40.41040889,-3.72412029
"2807910212",40.40276674,-3.75395042
"2807910213",40.40132414,-3.75166811
"2807910214",40.38752238,-3.76575787
"2807910215",40.4029811,-3.73567837
"2807910216",40.36863519,-3.78471583
"2807910217",40.40476943,-3.72369922
"2807910218",40.4009894,-3.75698654
"2807910219",40.4020382,-3.7419594
"2807910220",40.3699179,-3.76406204
"2807911001",40.39758464,-3.7132145
"2807911002",40.39589974,-3.71003816
"2807911003",40.39528864,-3.70854227
"2807911004",40.39461694,-3.7065606
"2807911005",40.3928293,-3.70785351
"2807911006",40.39284572,-3.70946659
"2807911007",40.39423991,-3.71054353
"2807911010",40.39676801,-3.71469578
"2807911011",40.3957431,-3.71443828
"2807911012",40.3952457,-3.71290428
"2807911013",40.39321386,-3.71386921
"2807911015",40.39220765,-3.71151
"2807911016",40.3910163,-3.71050706
"2807911017",40.39120288,-3.71438017
"2807911018",40.39039851,-3.71391426
"2807911019",40.3895315,-3.71461868
"2807911021",40.38774512,-3.71581809
"2807911022",40.38831791,-3.71815293
"2807911023",40.38888805,-3.72068116
"2807911024",40.38936501,-3.72233145
"2807911025",40.38791348,-3.72266747
"2807911026",40.38586546,-3.7212835
"2807911028",40.38634681,-3.724565
"2807911029",40.38954952,-3.7245777
"2807911030",40.38812688,-3.72532985
"2807911031",40.38668324,-3.72659205
"2807911032",40.38753407,-3.72927904
"2807911033",40.38852805,-3.72937236
"2807911034",40.38989145,-3.72846659
"2807911035",40.38973813,-3.72690437
"2807911036",40.39171475,-3.72543145
"2807911037",40.39140609,-3.72374238
"2807911038",40.39105898,-3.72231813
"2807911039",40.39050864,-3.71900286
"2807911040",40.39272587,-3.72167768
"2807911041",40.39337359,-3.72263303
"2807911042",40.39321721,-3.72053114
"2807911043",40.39550875,-3.71909894
"2807911044",40.39314644,-3.717676
"2807911045",40.39437151,-3.71585797
"2807911046",40.39620566,-3.71727957
"2807911047",40.39625086,-3.71958122
"2807911048",40.39757883,-3.71937159
"2807911049",40.39878388,-3.71717025
"2807911050",40.39987388,-3.72105427
"2807911051",40.40118593,-3.72300119
"2807911052",40.40270331,-3.72349439
"2807911054",40.39948958,-3.72622434
"2807911055",40.39810558,-3.73141225
"2807911056",40.39694369,-3.73562572
"2807911057",40.3965845,-3.73377417
"2807911058",40.39674354,-3.73133038
"2807911059",40.39574358,-3.73191066
"2807911060",40.39486284,-3.72941021
"2807911061",40.39468719,-3.72336505
"2807911062",40.39405241,-3.72555199
"2807911063",40.39313669,-3.72795796
"2807911065",40.3916979,-3.72888507
"2807911066",40.39257647,-3.73148135
"2807911067",40.39044791,-3.73221448
"2807911068",40.39133394,-3.73612905
"2807911069",40.39242226,-3.73706382
"2807911070",40.39250384,-3.73456626
"2807911071",40.39463778,-3.73316382
"2807911072",40.39439633,-3.73469611
"2807911073",40.39509954,-3.73694487
"2807911074",40.39394744,-3.738986
"2807911075",40.39337021,-3.73786657
"2807911078",40.39065079,-3.73720304
"2807911079",40.38975614,-3.73841397
"2807911080",40.39143992,-3.73932031
"2807911081",40.39127435,-3.741169
"2807911082",40.38941259,-3.74033092
"2807911083",40.38917064,-3.74203378
"2807911084",40.39061911,-3.74279536
"2807911085",40.38893845,-3.74354012
"2807911086",40.38759581,-3.74299034
"2807911087",40.38726913,-3.74112296
"2807911088",40.38548241,-3.74282972
"2807911089",40.38690602,-3.74463786
"2807911091",40.38565374,-3.74497457
"2807911092",40.38440128,-3.74549147
"2807911093",40.38565563,-3.74720383
"2807911094",40.38375524,-3.74882201
"2807911095",40.38178493,-3.7498301
"2807911096",40.38197664,-3.7539445
"2807911097",40.37873069,-3.75041949
"2807911098",40.37857831,-3.75354408
"2807911099",40.37694198,-3.75119292
"2807911100",40.38109417,-3.74655564
"2807911101",40.38277693,-3.74473822
"2807911102",40.38382296,-3.74283831
"2807911103",40.3851337,-3.74113301
"2807911104",40.38566191,-3.73936953
"2807911105",40.38597907,-3.73694195
"2807911106",40.38667246,-3.73873319
"2807911107",40.38818609,-3.74010179
"2807911108",40.38844988,-3.73817893
"2807911109",40.38825412,-3.73648806
"2807911110",40.38671135,-3.73597186
"2807911111",40.38751057,-3.73493293
"2807911112",40.38875137,-3.73423572
"2807911113",40.38698562,-3.73171162
"2807911114",40.38608789,-3.73327165
"2807911115",40.38598798,-3.72940838
"2807911116",40.38483992,-3.72978453
"2807911117",40.38464864,-3.73155559
"2807911118",40.38419318,-3.73284711
"2807911119",40.38359319,-3.73035142
"2807911120",40.38273961,-3.73159696
"2807911121",40.38192387,-3.73190196
"2807911122",40.3806983,-3.73235069
"2807911123",40.38174717,-3.73673455
"2807911124",40.38174514,-3.74159093
"2807911125",40.37962913,-3.74336283
"2807911126",40.37751988,-3.74121205
"2807911128",40.37654761,-3.73657492
"2807911129",40.37528903,-3.73755129
"2807911130",40.37565681,-3.73994402
"2807911131",40.37397753,-3.74073156
"2807911132",40.37485033,-3.74175057
"2807911133",40.37631137,-3.74345067
"2807911134",40.3753504,-3.7438824
"2807911135",40.37474279,-3.7442241
"2807911136",40.37660243,-3.74722782
"2807911137",40.37449529,-3.74715715
"2807911138",40.37229702,-3.7486048
"2807911139",40.37197757,-3.75096719
"2807911140",40.37157698,-3.75312508
"2807911141",40.37430659,-3.75207584
"2807911142",40.37589904,-3.7531052
"2807911143",40.3741939,-3.75437653
"2807911145",40.37269243,-3.75571255
"2807911146",40.3732809,-3.7579074
"2807911147",40.37523732,-3.75760761
"2807911148",40.37031383,-3.76136033
"2807911149",40.37128827,-3.75921353
"2807911150",40.37002247,-3.7572536
"2807911151",40.36775416,-3.76090506
"2807911152",40.36714701,-3.75800114
"2807911153",40.36903479,-3.75504368
"2807911154",40.36808411,-3.75447802
"2807911155",40.36470534,-3.75553537
"2807911156",40.37181619,-3.73890895
"2807911157",40.37459697,-3.73452063
"2807911158",40.37589631,-3.73294262
"2807911159",40.37730488,-3.7351987
"2807911160",40.37845011,-3.73391895
"2807911161",40.37781752,-3.73293727
"2807911162",40.37686709,-3.73174868
"2807911163",40.37827626,-3.7301057
"2807911165",40.3796514,-3.73119021
"2807911167",40.37962871,-3.72828885
"2807911168",40.38069716,-3.72701958
"2807911169",40.38113862,-3.72936806
"2807911170",40.38248785,-3.72905619
"2807911171",40.38220321,-3.72738354
"2807911172",40.3825043,-3.72581141
"2807911173",40.38320668,-3.72779114
"2807911174",40.38409506,-3.72806315
"2807911175",40.38489609,-3.72662163
"2807911176",40.38464915,-3.72397624
"2807911177",40.38302037,-3.72363351
"2807911178",40.38466286,-3.72071813
"2807911179",40.37905543,-3.74820581
"2807911180",40.3958896,-3.72180803
"2807911181",40.3967355,-3.71607723
"2807911182",40.37456359,-3.73087024
"2807911183",40.37824721,-3.72335521
"2807911184",40.3867855,-3.71935472
"2807911185",40.37794993,-3.74578547
"2807911186",40.36436528,-3.7586568
"2807911187",40.35980734,-3.76084752
"2807911188",40.36196419,-3.75966074
"2807911189",40.36499853,-3.76125819
"2807911190",40.36269299,-3.76488549
"2807911191",40.36336344,-3.75116908
"2807911192",40.36660077,-3.73511346
"2807911193",40.36883473,-3.74750554
"2807911194",40.37405309,-3.72838609
"2807912001",40.37169257,-3.71806815
"2807912002",40.37142466,-3.71635602
"2807912003",40.36962792,-3.71719147
"2807912005",40.36841763,-3.71555139
"2807912006",40.36944357,-3.713953
"2807912007",40.37080112,-3.71397988
"2807912008",40.37244345,-3.71392363
"2807912009",40.37151131,-3.71151298
"2807912010",40.37106695,-3.70977258
"2807912011",40.37096493,-3.70782776
"2807912012",40.37048073,-3.70528382
"2807912013",40.36857608,-3.70553777
"2807912014",40.36875853,-3.70805104
"2807912015",40.36771102,-3.70935484
"2807912016",40.36736045,-3.71393338
"2807912018",40.36726313,-3.7029426
"2807912019",40.37008847,-3.70219318
"2807912020",40.36872328,-3.69995258
"2807912021",40.37052928,-3.69822522
"2807912022",40.36992216,-3.69731106
"2807912023",40.36787568,-3.69776016
"2807912024",40.36695502,-3.69577429
"2807912027",40.37754265,-3.69069667
"2807912028",40.37584816,-3.68999677
"2807912029",40.37531263,-3.69130242
"2807912030",40.37435007,-3.69015332
"2807912031",40.37422864,-3.69173338
"2807912032",40.37292984,-3.69308535
"2807912033",40.37231587,-3.69016057
"2807912034",40.37080675,-3.69117468
"2807912036",40.36982005,-3.68881195
"2807912037",40.36868366,-3.68886984
"2807912039",40.38027692,-3.69838915
"2807912040",40.38206115,-3.69890873
"2807912041",40.38034816,-3.70053104
"2807912042",40.38132801,-3.70099818
"2807912043",40.38223219,-3.70159611
"2807912044",40.38138495,-3.70413053
"2807912045",40.3828085,-3.70386811
"2807912046",40.3841887,-3.70421867
"2807912047",40.38546123,-3.70445058
"2807912048",40.38453563,-3.70213324
"2807912049",40.385286,-3.70083329
"2807912050",40.38667097,-3.69966555
"2807912051",40.38419613,-3.69890262
"2807912052",40.38509604,-3.69547285
"2807912053",40.39245918,-3.70293124
"2807912054",40.38942334,-3.69962603
"2807912055",40.38845978,-3.70180498
"2807912056",40.38731944,-3.70184757
"2807912057",40.38662935,-3.70462637
"2807912059",40.39044112,-3.70312272
"2807912061",40.38997585,-3.70561801
"2807912062",40.38956346,-3.70864552
"2807912064",40.38808842,-3.70918332
"2807912065",40.38709127,-3.709488
"2807912066",40.38622997,-3.70731986
"2807912067",40.38586373,-3.71045361
"2807912069",40.38667001,-3.71138061
"2807912070",40.38767561,-3.7123207
"2807912071",40.38797796,-3.7137069
"2807912073",40.38601402,-3.71454744
"2807912074",40.38541656,-3.71459022
"2807912075",40.3839648,-3.7144369
"2807912077",40.38157531,-3.71713335
"2807912078",40.38221227,-3.71331868
"2807912079",40.38112856,-3.71498814
"2807912080",40.381169,-3.7125749
"2807912081",40.38008265,-3.71456541
"2807912082",40.3796405,-3.71216879
"2807912083",40.37886387,-3.71315759
"2807912084",40.37901974,-3.71473935
"2807912086",40.37577991,-3.70660025
"2807912087",40.37897593,-3.70558897
"2807912088",40.38160768,-3.70558121
"2807912089",40.38225068,-3.70694657
"2807912090",40.38051046,-3.70662352
"2807912091",40.38043585,-3.70961327
"2807912092",40.38219652,-3.7087594
"2807912093",40.38350044,-3.7095028
"2807912094",40.38473538,-3.70986202
"2807912096",40.38386869,-3.70661209
"2807912097",40.38511952,-3.70690038
"2807912098",40.37643043,-3.71604036
"2807912099",40.36504972,-3.70135904
"2807912100",40.36926524,-3.69228806
"2807912101",40.36534262,-3.71149161
"2807912102",40.36509839,-3.70710819
"2807912103",40.36873712,-3.68512825
"2807912104",40.36538889,-3.68891201
"2807912105",40.36691993,-3.68700066
"2807912106",40.36615593,-3.71728376
"2807912107",40.38386072,-3.69708066
"2807912108",40.3762492,-3.69718778
"2807913002",40.37320202,-3.65713733
"2807913003",40.37084906,-3.66044544
"2807913004",40.3725793,-3.66161433
"2807913005",40.37239701,-3.6596674
"2807913006",40.37473929,-3.65808654
"2807913007",40.3749804,-3.66004015
"2807913008",40.37561451,-3.66275892
"2807913010",40.37801627,-3.66447895
"2807913011",40.37616153,-3.66577017
"2807913012",40.37448076,-3.66628981
"2807913013",40.37367663,-3.66923773
"2807913014",40.37375038,-3.67498864
"2807913015",40.3755868,-3.66917118
"2807913016",40.37660438,-3.66761673
"2807913017",40.37804678,-3.66660617
"2807913018",40.37911166,-3.66787349
"2807913019",40.37739807,-3.67032607
"2807913021",40.37860361,-3.67170775
"2807913022",40.37985459,-3.66968231
"2807913023",40.38086804,-3.66823041
"2807913024",40.38159443,-3.66979194
"2807913025",40.37946017,-3.67284726
"2807913026",40.37881521,-3.67654227
"2807913027",40.37932451,-3.67837156
"2807913028",40.38016957,-3.67666531
"2807913029",40.38189084,-3.67468161
"2807913030",40.38021922,-3.67392392
"2807913031",40.3815952,-3.67117096
"2807913032",40.38252121,-3.67244846
"2807913033",40.38351476,-3.67060338
"2807913034",40.38456499,-3.67166338
"2807913035",40.38530879,-3.67315009
"2807913036",40.38672354,-3.67004087
"2807913037",40.38839745,-3.67066483
"2807913038",40.39050676,-3.67114367
"2807913039",40.39221894,-3.67179427
"2807913040",40.39364706,-3.67155245
"2807913041",40.39514129,-3.67059135
"2807913042",40.39703708,-3.66910364
"2807913043",40.3960328,-3.66697356
"2807913044",40.39435388,-3.66793604
"2807913045",40.39283327,-3.66846902
"2807913046",40.39137975,-3.66885015
"2807913047",40.38975012,-3.66870861
"2807913048",40.38838849,-3.66803527
"2807913049",40.39030163,-3.66603604
"2807913050",40.39211261,-3.66683621
"2807913052",40.39500263,-3.66543397
"2807913053",40.39429655,-3.66396349
"2807913054",40.39245137,-3.66506877
"2807913055",40.38834746,-3.66632278
"2807913056",40.38578428,-3.66481762
"2807913057",40.38659321,-3.6668978
"2807913058",40.38623624,-3.66903942
"2807913059",40.38500884,-3.66962296
"2807913060",40.38513613,-3.66841874
"2807913061",40.38446635,-3.66808407
"2807913062",40.38403824,-3.66768386
"2807913063",40.38336763,-3.66737861
"2807913064",40.38240038,-3.66717239
"2807913065",40.38201185,-3.66665693
"2807913066",40.3837179,-3.66585768
"2807913069",40.38207693,-3.66561749
"2807913074",40.38424737,-3.66294552
"2807913077",40.38959737,-3.66076307
"2807913078",40.38962164,-3.66224499
"2807913079",40.39107314,-3.66286736
"2807913080",40.39110954,-3.66394833
"2807913083",40.39330049,-3.66187589
"2807913084",40.39236311,-3.66013301
"2807913086",40.39091135,-3.65850692
"2807913087",40.3895934,-3.65763979
"2807913088",40.39008843,-3.65489102
"2807913089",40.38861026,-3.65638561
"2807913090",40.38789004,-3.65433677
"2807913091",40.38595819,-3.65358203
"2807913092",40.38707937,-3.65694244
"2807913094",40.384815,-3.65838938
"2807913103",40.37917998,-3.66040898
"2807913104",40.37946249,-3.66254323
"2807913108",40.38022229,-3.65086448
"2807913109",40.3814981,-3.64912974
"2807913110",40.38091793,-3.64790431
"2807913111",40.38135479,-3.6448461
"2807913112",40.38185767,-3.64582287
"2807913114",40.38262127,-3.64659568
"2807913115",40.3839553,-3.64570748
"2807913116",40.38227256,-3.64254466
"2807913117",40.38322632,-3.6397844
"2807913118",40.38321734,-3.64104878
"2807913119",40.38408687,-3.64192421
"2807913120",40.38543695,-3.64295774
"2807913121",40.38620779,-3.64466751
"2807913122",40.3878789,-3.64339931
"2807913123",40.38711174,-3.64168078
"2807913124",40.38637003,-3.64004281
"2807913125",40.38518513,-3.64092885
"2807913126",40.38423885,-3.63919879
"2807913127",40.38144969,-3.63090727
"2807913128",40.38806158,-3.63009917
"2807913129",40.3897349,-3.63729304
"2807913131",40.38950657,-3.63497458
"2807913132",40.39088828,-3.63503884
"2807913133",40.39193092,-3.63635999
"2807913134",40.3913183,-3.63784483
"2807913135",40.3929051,-3.63973786
"2807913136",40.39188788,-3.64065492
"2807913137",40.39063048,-3.64118461
"2807913138",40.38984019,-3.63940725
"2807913139",40.38964488,-3.64173051
"2807913140",40.38869214,-3.64151842
"2807913142",40.39322734,-3.64234129
"2807913143",40.39358866,-3.64449252
"2807913144",40.39130458,-3.64403727
"2807913145",40.3906044,-3.6459118
"2807913146",40.38796659,-3.64545227
"2807913147",40.38892791,-3.64666404
"2807913148",40.38765239,-3.64764614
"2807913150",40.38497067,-3.64915579
"2807913153",40.38554251,-3.65192091
"2807913154",40.38821877,-3.65181857
"2807913155",40.38673393,-3.64885584
"2807913156",40.3884237,-3.64930643
"2807913157",40.38970328,-3.64806884
"2807913158",40.39031149,-3.6510834
"2807913160",40.39343041,-3.64905247
"2807913161",40.39559918,-3.64908025
"2807913162",40.39500106,-3.64388122
"2807913163",40.39657809,-3.64779513
"2807913164",40.39703736,-3.64657065
"2807913166",40.39465923,-3.65546087
"2807913168",40.39377455,-3.65937555
"2807913169",40.39474991,-3.6593873
"2807913170",40.39563569,-3.6621612
"2807913171",40.39648116,-3.66202867
"2807913172",40.39593769,-3.6594224
"2807913173",40.3967811,-3.65901607
"2807913174",40.39733712,-3.66157998
"2807913175",40.39834648,-3.66112402
"2807913176",40.39803363,-3.65945467
"2807913177",40.39751034,-3.65809039
"2807913178",40.39779804,-3.65106133
"2807913179",40.39911994,-3.65352499
"2807913180",40.4007442,-3.65242748
"2807913181",40.4024337,-3.65402263
"2807913182",40.3994272,-3.65582798
"2807913183",40.39967198,-3.65940072
"2807913184",40.40392702,-3.65728724
"2807913185",40.40407766,-3.66051315
"2807913186",40.40466557,-3.66277366
"2807913187",40.40356656,-3.66455195
"2807913189",40.40197347,-3.6631786
"2807913190",40.40122234,-3.66534123
"2807913191",40.40096809,-3.66116935
"2807913192",40.39871726,-3.66295609
"2807913193",40.39999484,-3.66483369
"2807913194",40.39912761,-3.66551494
"2807913195",40.39841996,-3.66618247
"2807913196",40.39662787,-3.66402357
"2807913197",40.39779645,-3.666875
"2807913198",40.39206276,-3.65136367
"2807913199",40.3875967,-3.63842183
"2807913200",40.38272198,-3.65040668
"2807913201",40.40041567,-3.65101014
"2807913202",40.40146044,-3.65877002
"2807913203",40.37894973,-3.65667327
"2807913204",40.38057088,-3.65694886
"2807913205",40.38207091,-3.6571043
"2807913206",40.38714004,-3.66311512
"2807913207",40.38183134,-3.66120098
"2807913208",40.37760055,-3.6553928
"2807913209",40.38049531,-3.65418185
"2807913210",40.38277331,-3.65464299
"2807913211",40.38011395,-3.65211803
"2807913212",40.39912291,-3.65771843
"2807913213",40.38142852,-3.65906495
"2807913214",40.38351244,-3.6514549
"2807913215",40.38542779,-3.63829791
"2807913216",40.38035933,-3.64137547
"2807914001",40.39596699,-3.63841114
"2807914002",40.39515462,-3.63511725
"2807914003",40.39860859,-3.63543186
"2807914004",40.40171088,-3.63249338
"2807914005",40.40155708,-3.63445556
"2807914006",40.40317408,-3.63359856
"2807914010",40.41042482,-3.63814942
"2807914011",40.40770782,-3.63591939
"2807914012",40.4078256,-3.63738027
"2807914013",40.40786695,-3.63911827
"2807914014",40.40953959,-3.64250096
"2807914015",40.40960349,-3.64457376
"2807914016",40.41022866,-3.64547742
"2807914017",40.41040637,-3.64597702
"2807914018",40.41070555,-3.64672796
"2807914019",40.41098242,-3.64745979
"2807914020",40.41128448,-3.64844678
"2807914021",40.40961694,-3.64845626
"2807914022",40.4079773,-3.64729942
"2807914023",40.40722178,-3.648662
"2807914024",40.4065353,-3.6503057
"2807914025",40.40796806,-3.64995911
"2807914026",40.40834077,-3.65176668
"2807914027",40.40927529,-3.65122664
"2807914028",40.4106536,-3.65016027
"2807914029",40.41143723,-3.65102431
"2807914030",40.41078118,-3.65365132
"2807914031",40.40914329,-3.65557362
"2807914032",40.40843785,-3.6537894
"2807914033",40.40690088,-3.65306731
"2807914034",40.40609347,-3.65302589
"2807914035",40.40758826,-3.6550804
"2807914036",40.40749511,-3.65662818
"2807914037",40.40793331,-3.65980305
"2807914038",40.40902608,-3.65909422
"2807914039",40.40972728,-3.65729868
"2807914040",40.41231336,-3.6593774
"2807914041",40.4100918,-3.66004314
"2807914042",40.40941258,-3.66232761
"2807914043",40.4058658,-3.65743908
"2807914044",40.40433524,-3.64985738
"2807914045",40.40235739,-3.64888369
"2807914046",40.4014353,-3.64794239
"2807914047",40.40271753,-3.6472995
"2807914048",40.40314664,-3.64584437
"2807914049",40.40189187,-3.64400446
"2807914050",40.40178271,-3.64214104
"2807914051",40.39989169,-3.64332146
"2807914052",40.39996243,-3.64645784
"2807914053",40.3985002,-3.64533591
"2807914054",40.39775479,-3.64320663
"2807914055",40.39668551,-3.64070189
"2807914056",40.39856045,-3.64097721
"2807914057",40.4002134,-3.64070032
"2807914058",40.40147359,-3.63976863
"2807914059",40.39992895,-3.63813709
"2807914060",40.40254826,-3.63639085
"2807914061",40.40454243,-3.63883737
"2807914062",40.40324209,-3.63924468
"2807914063",40.40357759,-3.64139399
"2807914064",40.40535931,-3.64331122
"2807914065",40.4040708,-3.64342249
"2807914066",40.40485148,-3.64575622
"2807914067",40.40413927,-3.64641203
"2807914068",40.40507987,-3.6486079
"2807914069",40.40589288,-3.64938589
"2807914070",40.40630217,-3.64692286
"2807914071",40.40635459,-3.6451418
"2807914072",40.40795285,-3.64407362
"2807914073",40.40700464,-3.64296481
"2807914074",40.40594448,-3.64181818
"2807914075",40.40649546,-3.64037973
"2807914076",40.40758553,-3.6410067
"2807914077",40.40833549,-3.64149696
"2807914078",40.40900597,-3.6419454
"2807914079",40.39755263,-3.6303584
"2807914080",40.40984721,-3.63714247
"2807914081",40.41257011,-3.63897393
"2807914082",40.41597097,-3.65860481
"2807914083",40.41526624,-3.65452915
"2807914084",40.41149957,-3.65634764
"2807914085",40.40982636,-3.63527751
"2807914086",40.40592597,-3.63510556
"2807914087",40.41107036,-3.63639531
"2807914088",40.4025859,-3.63074774
"2807914089",40.40538346,-3.62673315
"2807914090",40.41011903,-3.62592205
"2807914091",40.40533582,-3.63092815
"2807914092",40.40139204,-3.62743827
"2807915001",40.42934488,-3.6596878
"2807915002",40.42527948,-3.65890333
"2807915003",40.42271018,-3.65802879
"2807915004",40.41924335,-3.65460784
"2807915005",40.41928509,-3.64137529
"2807915006",40.42102877,-3.65184317
"2807915007",40.42095707,-3.65301428
"2807915008",40.42117421,-3.65427873
"2807915009",40.42216441,-3.65392435
"2807915010",40.42273455,-3.65287326
"2807915011",40.42392673,-3.65180786
"2807915012",40.42328986,-3.65031306
"2807915013",40.42502203,-3.64915428
"2807915014",40.42639537,-3.64952116
"2807915015",40.42580333,-3.65128146
"2807915016",40.42364886,-3.65421978
"2807915017",40.42361597,-3.65652072
"2807915018",40.42370111,-3.65559246
"2807915019",40.42471858,-3.65485564
"2807915020",40.42522607,-3.65350106
"2807915021",40.42615057,-3.65283974
"2807915022",40.42702556,-3.65195947
"2807915023",40.4279535,-3.65094227
"2807915024",40.42831635,-3.65358173
"2807915025",40.42634881,-3.65449272
"2807915026",40.42481057,-3.65657181
"2807915027",40.42572074,-3.65676413
"2807915028",40.42661054,-3.65801648
"2807915029",40.42690399,-3.65605576
"2807915030",40.42888195,-3.65569175
"2807915031",40.42851318,-3.65717967
"2807915032",40.42853325,-3.65855994
"2807915033",40.43126807,-3.65717438
"2807915034",40.43089173,-3.65506789
"2807915035",40.42982148,-3.65347933
"2807915036",40.4311775,-3.65342259
"2807915037",40.43106518,-3.6522369
"2807915038",40.4296148,-3.65036012
"2807915039",40.43186006,-3.65113495
"2807915040",40.43174104,-3.64916441
"2807915041",40.42917282,-3.64851635
"2807915042",40.42858486,-3.64665465
"2807915043",40.43139336,-3.64755735
"2807915044",40.43191343,-3.64659653
"2807915045",40.43234366,-3.64564106
"2807915046",40.43260036,-3.64463089
"2807915047",40.43321697,-3.6443035
"2807915048",40.43336061,-3.6433691
"2807915049",40.43103773,-3.64309065
"2807915050",40.43023469,-3.64236547
"2807915051",40.42929599,-3.64490301
"2807915052",40.42780404,-3.64512748
"2807915053",40.42760564,-3.643615
"2807915054",40.42854697,-3.6424859
"2807915055",40.42896388,-3.64121627
"2807915056",40.43024171,-3.63949288
"2807915057",40.42822181,-3.63870304
"2807915058",40.42751097,-3.64085859
"2807915059",40.42670348,-3.64049735
"2807915060",40.42651302,-3.64260038
"2807915061",40.42536403,-3.64171015
"2807915062",40.42555271,-3.6377811
"2807915065",40.42353707,-3.6342315
"2807915066",40.421821,-3.63308225
"2807915067",40.42222807,-3.63042363
"2807915068",40.42164486,-3.62810362
"2807915069",40.41497642,-3.62388285
"2807915070",40.42553222,-3.63423617
"2807915071",40.42642235,-3.63152442
"2807915073",40.42882563,-3.63281251
"2807915074",40.427092,-3.63587787
"2807915075",40.42852903,-3.63638406
"2807915076",40.42936451,-3.63598638
"2807915077",40.43078134,-3.63722184
"2807915078",40.43099275,-3.63481467
"2807915079",40.43202206,-3.63525686
"2807915080",40.43301408,-3.63607443
"2807915081",40.43204009,-3.63799036
"2807915082",40.43338008,-3.63762995
"2807915083",40.43239393,-3.64076723
"2807915084",40.43355976,-3.6418663
"2807915085",40.43461579,-3.64220741
"2807915086",40.43573832,-3.64185964
"2807915087",40.43525126,-3.64026982
"2807915088",40.43383777,-3.63990053
"2807915089",40.43520697,-3.63902491
"2807915090",40.43575134,-3.63772849
"2807915092",40.44016889,-3.6381357
"2807915093",40.4383694,-3.64014308
"2807915094",40.44016229,-3.64115483
"2807915095",40.43964068,-3.64337974
"2807915096",40.43891639,-3.6449628
"2807915097",40.43827988,-3.64233638
"2807915098",40.43777345,-3.64363367
"2807915099",40.43684769,-3.64192607
"2807915100",40.43588419,-3.64388527
"2807915101",40.43710196,-3.64488266
"2807915102",40.43748074,-3.6468752
"2807915103",40.4365309,-3.64659468
"2807915104",40.43607873,-3.6484094
"2807915105",40.43497565,-3.64731539
"2807915106",40.4354136,-3.64546124
"2807915107",40.43428983,-3.64658945
"2807915108",40.43411821,-3.64841726
"2807915109",40.43335965,-3.65063928
"2807915110",40.43509463,-3.65046431
"2807915111",40.43431944,-3.65200189
"2807915112",40.43402709,-3.65423534
"2807915113",40.4328976,-3.65393099
"2807915114",40.43301861,-3.65639552
"2807915115",40.43262706,-3.65896663
"2807915116",40.43409107,-3.65843476
"2807915117",40.43499062,-3.65900125
"2807915118",40.43584712,-3.6587765
"2807915119",40.43554312,-3.65674645
"2807915120",40.43494062,-3.65683644
"2807915121",40.43451804,-3.65703628
"2807915122",40.43590021,-3.65312844
"2807915123",40.43795022,-3.65113775
"2807915124",40.43803092,-3.64880922
"2807915125",40.44081982,-3.64656808
"2807915126",40.44078643,-3.64428163
"2807915127",40.44223409,-3.64349827
"2807915128",40.44420789,-3.64297892
"2807915129",40.4412416,-3.64842117
"2807915130",40.43857947,-3.65204765
"2807915131",40.43652487,-3.65437759
"2807915132",40.43814828,-3.65717696
"2807915133",40.43987556,-3.65533901
"2807915134",40.44047837,-3.65363603
"2807915135",40.44067665,-3.65271667
"2807915136",40.43886757,-3.65308491
"2807915138",40.44127756,-3.65061708
"2807915139",40.44259807,-3.64891839
"2807915140",40.44285615,-3.64980263
"2807915141",40.44287198,-3.65158214
"2807915142",40.44438348,-3.65073542
"2807915143",40.44655711,-3.64874049
"2807915144",40.44517619,-3.6534066
"2807915145",40.44302813,-3.65452122
"2807915146",40.44181298,-3.65593036
"2807915147",40.44357442,-3.65754355
"2807915148",40.44798133,-3.65832443
"2807915149",40.44887403,-3.65565642
"2807915150",40.4505769,-3.65200571
"2807915151",40.45294297,-3.65686741
"2807915153",40.45265625,-3.66174244
"2807915154",40.45453821,-3.66187679
"2807915155",40.45621638,-3.65793907
"2807915156",40.45759882,-3.65947055
"2807915157",40.45832405,-3.6625092
"2807915158",40.46031145,-3.65961239
"2807915159",40.46433848,-3.66499694
"2807915160",40.46933049,-3.66696342
"2807915161",40.47463465,-3.67117356
"2807915162",40.47413015,-3.66654438
"2807915163",40.47731425,-3.66708956
"2807915164",40.47934789,-3.66707274
"2807915165",40.47897565,-3.6688799
"2807915166",40.47916532,-3.67006718
"2807915167",40.47993261,-3.67284206
"2807915168",40.48105233,-3.67004163
"2807915170",40.48234359,-3.66688479
"2807915171",40.48286883,-3.6622851
"2807915172",40.47775624,-3.67028395
"2807915173",40.48297715,-3.67103725
"2807915174",40.45480483,-3.65390746
"2807915175",40.45324022,-3.65915726
"2807915176",40.4803013,-3.66406123
"2807915177",40.42005749,-3.62783283
"2807915178",40.44711574,-3.6603796
"2807915179",40.41899489,-3.62605865
"2807915180",40.45040956,-3.66134746
"2807915181",40.41847961,-3.62907674
"2807915182",40.48176414,-3.66452745
"2807916001",40.45210852,-3.60995761
"2807916002",40.45293853,-3.62010277
"2807916003",40.45905278,-3.62380685
"2807916004",40.4538531,-3.64270487
"2807916005",40.45546255,-3.64944484
"2807916006",40.45845097,-3.64970242
"2807916007",40.46156452,-3.65579992
"2807916008",40.46163868,-3.65170291
"2807916009",40.46026008,-3.65079973
"2807916011",40.46175665,-3.64891657
"2807916012",40.4615282,-3.6468036
"2807916013",40.46267541,-3.64577815
"2807916014",40.46189141,-3.64438096
"2807916015",40.45992813,-3.64491499
"2807916016",40.46078065,-3.64258109
"2807916017",40.46319291,-3.6435019
"2807916018",40.46404065,-3.64248962
"2807916019",40.46391514,-3.64058412
"2807916020",40.46275664,-3.639887
"2807916021",40.46440811,-3.63758784
"2807916022",40.46385492,-3.63439666
"2807916024",40.46372452,-3.63147293
"2807916025",40.46528713,-3.62783837
"2807916026",40.46580939,-3.62997442
"2807916027",40.46718012,-3.63049346
"2807916028",40.46769717,-3.63226637
"2807916029",40.46679691,-3.6326933
"2807916030",40.46558691,-3.63317131
"2807916031",40.46688834,-3.63538569
"2807916032",40.46696636,-3.63826093
"2807916033",40.46657279,-3.64475027
"2807916034",40.46511227,-3.6489143
"2807916035",40.4649806,-3.65402126
"2807916036",40.46673701,-3.65978375
"2807916037",40.46773279,-3.65497691
"2807916038",40.46970845,-3.65510537
"2807916039",40.47078037,-3.65320725
"2807916040",40.47142393,-3.65182779
"2807916041",40.47214727,-3.65028271
"2807916042",40.47168703,-3.64918675
"2807916043",40.4705234,-3.64967089
"2807916044",40.46881784,-3.6513803
"2807916045",40.46874139,-3.64886259
"2807916046",40.46991221,-3.64487879
"2807916047",40.47127884,-3.64717861
"2807916048",40.47154361,-3.64300518
"2807916049",40.470291,-3.63640947
"2807916050",40.46968509,-3.63263507
"2807916051",40.4721039,-3.63279811
"2807916052",40.47272743,-3.63524679
"2807916053",40.47369055,-3.6355469
"2807916054",40.47485185,-3.63612181
"2807916055",40.47563255,-3.63829055
"2807916056",40.4741501,-3.63817346
"2807916057",40.47298168,-3.63839078
"2807916058",40.47375097,-3.64110355
"2807916059",40.47515161,-3.64236372
"2807916060",40.47531969,-3.64507189
"2807916061",40.47621191,-3.64194714
"2807916062",40.47767375,-3.64075016
"2807916063",40.47755625,-3.64308329
"2807916064",40.47788962,-3.64472501
"2807916065",40.47960428,-3.64548608
"2807916066",40.47868336,-3.64617822
"2807916067",40.47730099,-3.64758595
"2807916069",40.47892767,-3.65047839
"2807916070",40.4749649,-3.65419921
"2807916071",40.47630727,-3.65169381
"2807916072",40.47650884,-3.6500195
"2807916073",40.47526776,-3.64950374
"2807916074",40.47451733,-3.64694622
"2807916075",40.47376386,-3.64959459
"2807916076",40.47342601,-3.65209356
"2807916077",40.473027,-3.65435472
"2807916078",40.47196792,-3.65558945
"2807916079",40.47369494,-3.65848394
"2807916080",40.47070298,-3.66125559
"2807916081",40.47108591,-3.66357806
"2807916082",40.47337143,-3.66151167
"2807916083",40.47561804,-3.66344321
"2807916085",40.47828919,-3.66314277
"2807916086",40.47992612,-3.6614534
"2807916087",40.4795096,-3.65888079
"2807916088",40.47736417,-3.66023276
"2807916089",40.47637076,-3.65668854
"2807916090",40.48024364,-3.65570545
"2807916091",40.50038943,-3.64350923
"2807916092",40.4885882,-3.66497781
"2807916093",40.48875436,-3.66279059
"2807916096",40.47443213,-3.62961507
"2807916097",40.47160517,-3.63682162
"2807916098",40.4658414,-3.64072195
"2807916099",40.4883351,-3.6608214
"2807916100",40.46818536,-3.63564003
"2807916101",40.46822319,-3.63998199
"2807916102",40.45965324,-3.63644173
"2807916103",40.4529287,-3.63174079
"2807916104",40.46213665,-3.6302577
"2807916105",40.4524441,-3.61626755
"2807916106",40.48626316,-3.66732115
"2807916107",40.4940675,-3.62270842
"2807916108",40.49507952,-3.65442291
"2807916109",40.48318595,-3.65130664
"2807916110",40.48946529,-3.65158034
"2807916111",40.49205675,-3.65768135
"2807916112",40.48749,-3.65601958
"2807916113",40.45823926,-3.6297647
"2807916114",40.50224265,-3.65325495
"2807916115",40.49345986,-3.66003527
"2807916116",40.48547637,-3.64953809
"2807916117",40.4921639,-3.65383373
"2807916118",40.48603628,-3.65605583
"2807916119",40.49383233,-3.66311288
"2807916120",40.49052776,-3.64705889
"2807917002",40.34276103,-3.71628408
"2807917003",40.34293061,-3.71367371
"2807917004",40.34440439,-3.7121482
"2807917005",40.34454747,-3.71038893
"2807917006",40.34296185,-3.71130831
"2807917007",40.34188533,-3.71153453
"2807917008",40.34270704,-3.70823681
"2807917009",40.34391924,-3.7084618
"2807917010",40.34482376,-3.70818518
"2807917011",40.34602509,-3.7075098
"2807917012",40.34570582,-3.71069448
"2807917013",40.34532127,-3.7131586
"2807917014",40.34461704,-3.71443609
"2807917015",40.34439161,-3.71579715
"2807917016",40.34434343,-3.71677386
"2807917017",40.3468046,-3.71534827
"2807917018",40.34653238,-3.71420606
"2807917019",40.34654358,-3.71212858
"2807917020",40.34840519,-3.71221303
"2807917021",40.35308188,-3.71672978
"2807917022",40.34963951,-3.70898122
"2807917023",40.34759053,-3.7098669
"2807917024",40.3479414,-3.70762718
"2807917025",40.34795562,-3.70565631
"2807917026",40.347483,-3.70426798
"2807917027",40.34565889,-3.70399564
"2807917028",40.3444097,-3.70572111
"2807917029",40.34641861,-3.70248579
"2807917031",40.34632238,-3.68641615
"2807917032",40.34314673,-3.6866088
"2807917033",40.34208348,-3.68752209
"2807917035",40.34445508,-3.6879473
"2807917036",40.34456002,-3.68966891
"2807917037",40.34448284,-3.69140892
"2807917038",40.342804,-3.69097172
"2807917039",40.34076492,-3.69158951
"2807917041",40.33718275,-3.68885758
"2807917042",40.34041156,-3.68718214
"2807917043",40.34152478,-3.68531636
"2807917045",40.3511799,-3.67583441
"2807917046",40.35292597,-3.68094317
"2807917047",40.35542219,-3.68237071
"2807917048",40.36133383,-3.68643147
"2807917049",40.35614202,-3.69031493
"2807917050",40.3559158,-3.69223762
"2807917051",40.35468896,-3.69205814
"2807917052",40.35527832,-3.69024812
"2807917053",40.35409114,-3.69025112
"2807917054",40.35304488,-3.69204958
"2807917055",40.35261112,-3.68976149
"2807917057",40.35272634,-3.68617134
"2807917058",40.35160946,-3.6847983
"2807917059",40.35075978,-3.68631525
"2807917060",40.34864543,-3.6866134
"2807917061",40.34790084,-3.69004943
"2807917062",40.34914545,-3.68807972
"2807917063",40.35061649,-3.68782563
"2807917064",40.3507701,-3.6895568
"2807917065",40.35067151,-3.69142193
"2807917066",40.34831871,-3.69140178
"2807917068",40.34833001,-3.69592363
"2807917069",40.34979474,-3.70011205
"2807917070",40.35105237,-3.70077185
"2807917071",40.35127158,-3.69756922
"2807917072",40.35195416,-3.69578927
"2807917073",40.35198664,-3.69407981
"2807917074",40.35468126,-3.69374431
"2807917075",40.35545519,-3.6957195
"2807917076",40.35352509,-3.69576219
"2807917078",40.35412888,-3.69764459
"2807917079",40.35388739,-3.69888479
"2807917080",40.35758925,-3.70313555
"2807917082",40.35574217,-3.699096
"2807917083",40.3572524,-3.69852849
"2807917084",40.35704422,-3.69579464
"2807917085",40.35770106,-3.69387909
"2807917086",40.35998648,-3.69407271
"2807917087",40.35897646,-3.69594861
"2807917089",40.35927047,-3.69813247
"2807917090",40.36130207,-3.69952336
"2807917091",40.36098864,-3.69601467
"2807917092",40.36327893,-3.69510995
"2807917093",40.36228221,-3.69670111
"2807917094",40.36281694,-3.69810608
"2807917095",40.36346443,-3.69864279
"2807917096",40.35843707,-3.69064357
"2807917097",40.35640854,-3.68790189
"2807917098",40.35092138,-3.71009771
"2807917099",40.35268145,-3.7126854
"2807917100",40.3484175,-3.71404463
"2807917101",40.35189693,-3.68090025
"2807917102",40.35231145,-3.70101651
"2807917103",40.35412526,-3.68725223
"2807917104",40.36186489,-3.69170777
"2807917105",40.35849524,-3.68614645
"2807917106",40.33284056,-3.70486067
"2807917107",40.3441985,-3.67662156
"2807917108",40.35546676,-3.68548131
"2807917109",40.34318987,-3.70558493
"2807917110",40.3469808,-3.67711893
"2807917111",40.3342778,-3.67610026
"2807917112",40.35783538,-3.68339646
"2807918002",40.37802325,-3.62805487
"2807918003",40.3779399,-3.6264555
"2807918004",40.37869039,-3.62535514
"2807918005",40.37980227,-3.62604364
"2807918006",40.37973737,-3.62368983
"2807918007",40.381064,-3.62405976
"2807918008",40.38179823,-3.62243096
"2807918009",40.3812185,-3.62027254
"2807918010",40.38210954,-3.61919028
"2807918011",40.38003234,-3.61904796
"2807918012",40.37846073,-3.61829719
"2807918013",40.37850447,-3.62044418
"2807918014",40.37809353,-3.6220945
"2807918015",40.37746864,-3.62403085
"2807918016",40.37610833,-3.62318818
"2807918017",40.37552914,-3.62214187
"2807918018",40.37459087,-3.62137248
"2807918019",40.37318082,-3.62097255
"2807918020",40.37100425,-3.61991908
"2807918021",40.37298878,-3.61696523
"2807918022",40.37389715,-3.61878382
"2807918023",40.37544176,-3.61935921
"2807918024",40.37711853,-3.61890756
"2807918025",40.37020004,-3.61858316
"2807918026",40.38029317,-3.61462323
"2807918027",40.38594751,-3.61774141
"2807918028",40.38475269,-3.60698711
"2807918029",40.38364198,-3.6097847
"2807918030",40.38182511,-3.60867725
"2807918031",40.38347953,-3.60588312
"2807918032",40.38196617,-3.6058558
"2807918033",40.38088321,-3.60447483
"2807918034",40.38022686,-3.60676284
"2807918035",40.37979606,-3.60826162
"2807918036",40.37972276,-3.61058152
"2807918037",40.38198605,-3.61140595
"2807918038",40.38187542,-3.61369495
"2807918039",40.38588667,-3.60878409
"2807918040",40.3807931,-3.60233069
"2807918041",40.38293856,-3.60935313
"2807918042",40.37186306,-3.62422187
"2807918043",40.37202887,-3.62058193
"2807918044",40.38440965,-3.61151914
"2807918045",40.33939128,-3.60101328
"2807918046",40.35610671,-3.64897462
"2807918047",40.36758663,-3.61962396
"2807918048",40.37870166,-3.60678425
"2807918049",40.36381825,-3.60218373
"2807918050",40.37481153,-3.62858127
"2807918051",40.37581202,-3.61104478
"2807918052",40.36095588,-3.59642417
"2807918053",40.36485592,-3.59075993
"2807918054",40.36108012,-3.61882205
"2807918055",40.37180561,-3.60701709
"2807918056",40.36826294,-3.59774878
"2807918057",40.36177904,-3.58662619
"2807918058",40.35968042,-3.59599604
"2807919001",40.39166837,-3.56466958
"2807919002",40.40308922,-3.61167941
"2807919003",40.40350608,-3.60767884
"2807919004",40.40321003,-3.60565199
"2807919005",40.40143154,-3.60551805
"2807919006",40.40149079,-3.60263779
"2807919007",40.40309765,-3.60355137
"2807919008",40.40434945,-3.60172526
"2807919009",40.40490367,-3.6048584
"2807919011",40.4057886,-3.60672
"2807919012",40.40493345,-3.60783633
"2807919014",40.40738856,-3.60318857
"2807919015",40.40465762,-3.59981789
"2807919016",40.40566454,-3.60187576
"2807919018",40.40750106,-3.60624659
"2807919019",40.40667881,-3.60694668
"2807919020",40.4080706,-3.60807401
"2807919021",40.40770668,-3.60893701
"2807919022",40.40865572,-3.61054463
"2807919023",40.41051672,-3.61094772
"2807919024",40.40871135,-3.6123591
"2807919025",40.40659796,-3.6114707
"2807919026",40.40567809,-3.61291931
"2807919027",40.40680853,-3.61536563
"2807919028",40.40549362,-3.61509193
"2807919029",40.41143032,-3.61644103
"2807919032",40.40858221,-3.59920441
"2807919033",40.40415807,-3.62050357
"2807919034",40.40177855,-3.6235393
"2807919035",40.39843043,-3.61902806
"2807919036",40.39798791,-3.62319994
"2807919037",40.39639343,-3.62306176
"2807919038",40.40089693,-3.61814629
"2807919039",40.39518128,-3.62290998
"2807919040",40.40314999,-3.59853614
"2807919041",40.39830493,-3.60513206
"2807919042",40.39233913,-3.61157256
"2807919043",40.40010762,-3.62412641
"2807919044",40.39312228,-3.62320902
"2807919045",40.40145959,-3.6004044
"2807919046",40.39800537,-3.6070036
"2807919047",40.40074136,-3.59823594
"2807919048",40.4000428,-3.60484467
"2807919049",40.39861571,-3.61175444
"2807920001",40.43480993,-3.63134232
"2807920002",40.43683318,-3.61577123
"2807920003",40.4329555,-3.62500022
"2807920005",40.42938527,-3.63095658
"2807920006",40.42872918,-3.6297624
"2807920007",40.4301178,-3.62931854
"2807920008",40.43073943,-3.62721881
"2807920009",40.43176013,-3.62519124
"2807920010",40.43248245,-3.62344017
"2807920011",40.43083386,-3.62412949
"2807920012",40.42993016,-3.62596103
"2807920013",40.42906971,-3.62781504
"2807920014",40.42779444,-3.62792164
"2807920015",40.42766208,-3.62888093
"2807920016",40.42708289,-3.62957774
"2807920017",40.42836038,-3.62525051
"2807920018",40.42883102,-3.62631559
"2807920019",40.42884623,-3.62488117
"2807920020",40.42987234,-3.6242112
"2807920021",40.43068866,-3.62039097
"2807920022",40.43151464,-3.61876502
"2807920023",40.43030583,-3.61682838
"2807920024",40.43161705,-3.61673298
"2807920025",40.43265359,-3.61747251
"2807920026",40.43220755,-3.61338567
"2807920027",40.43145911,-3.61419607
"2807920028",40.43036066,-3.61285017
"2807920029",40.42926412,-3.61374447
"2807920031",40.42841393,-3.61804805
"2807920032",40.42703419,-3.61969177
"2807920033",40.42721928,-3.62117008
"2807920034",40.42653035,-3.62264462
"2807920035",40.42472967,-3.62215362
"2807920036",40.42546698,-3.62388829
"2807920037",40.42455221,-3.62510448
"2807920038",40.42420989,-3.62652876
"2807920039",40.42331805,-3.62470419
"2807920040",40.42169092,-3.62328818
"2807920041",40.42166095,-3.62517473
"2807920042",40.42008135,-3.62441917
"2807920043",40.41948642,-3.62264723
"2807920044",40.4208842,-3.61914603
"2807920045",40.42219538,-3.62061624
"2807920046",40.42301106,-3.62228886
"2807920047",40.4237747,-3.62071584
"2807920048",40.42573971,-3.61921931
"2807920049",40.42464323,-3.61843393
"2807920050",40.42442458,-3.61728837
"2807920051",40.42543266,-3.61596012
"2807920053",40.42697687,-3.6149973
"2807920055",40.41905276,-3.61289652
"2807920056",40.42319431,-3.61538345
"2807920058",40.42246741,-3.61736029
"2807920059",40.4215638,-3.61565589
"2807920062",40.42649088,-3.6104568
"2807920063",40.42841886,-3.60792053
"2807920064",40.42857949,-3.61012928
"2807920065",40.43122851,-3.61041765
"2807920066",40.43148027,-3.60844549
"2807920067",40.42792689,-3.59202552
"2807920068",40.44676454,-3.57834128
"2807920069",40.44580904,-3.59474077
"2807920070",40.44812605,-3.59496961
"2807920071",40.44776281,-3.59910486
"2807920072",40.44303981,-3.60568104
"2807920073",40.43545987,-3.61130925
"2807920074",40.43594476,-3.60964771
"2807920075",40.43686737,-3.60752862
"2807920076",40.4377899,-3.60840838
"2807920077",40.43736815,-3.61187474
"2807920078",40.43926072,-3.61294002
"2807920079",40.43923745,-3.61069609
"2807920080",40.43979784,-3.60888641
"2807920082",40.44114918,-3.60837131
"2807920083",40.44063526,-3.61276742
"2807920084",40.44277321,-3.61443377
"2807920085",40.44299624,-3.61020533
"2807920086",40.44393502,-3.61194013
"2807920087",40.44505419,-3.61242098
"2807920088",40.44517477,-3.61045034
"2807920089",40.44550538,-3.60791444
"2807920090",40.44646074,-3.60979279
"2807920091",40.4470316,-3.60839799
"2807920092",40.44676597,-3.6114444
"2807920093",40.44710813,-3.61691069
"2807920095",40.44442559,-3.62434003
"2807920096",40.44153219,-3.63310449
"2807920097",40.44050716,-3.63555141
"2807920098",40.44247811,-3.63677339
"2807920099",40.44608183,-3.62704855
"2807920100",40.43437093,-3.63395659
"2807920101",40.44839865,-3.61266414
"2807920102",40.42505349,-3.60930525
"2807920103",40.42313,-3.60872361
"2807920104",40.42516486,-3.602496
"2807920105",40.4422989,-3.63088687
"2807920106",40.42283146,-3.6038415
"2807920107",40.42881178,-3.59999558
"2807920108",40.44668005,-3.64055236
"2807920109",40.42425118,-3.61281901
"2807920110",40.42698228,-3.60563133
"2807920111",40.42009976,-3.61523951
"2807920112",40.41729785,-3.61904527
"2807920113",40.42917515,-3.60374839
"2807920114",40.42041964,-3.60806845
"2807920115",40.42568555,-3.59987553
"2807920116",40.44646686,-3.59189381
"2807920117",40.43181274,-3.60419762
"2807920118",40.43492716,-3.61870269
"2807920119",40.43832427,-3.62389894
"2807920120",40.44425777,-3.56060217
"2807920121",40.44567263,-3.58632741
"2807921001",40.45492573,-3.59769269
"2807921002",40.45694522,-3.59158431
"2807921003",40.45712657,-3.58977104
"2807921004",40.45863965,-3.58757518
"2807921005",40.46175171,-3.58615579
"2807921006",40.46070002,-3.58016852
"2807921007",40.45767692,-3.58337639
"2807921008",40.45837434,-3.58472807
"2807921009",40.45893147,-3.58504068
"2807921010",40.45612641,-3.58813215
"2807921011",40.45438858,-3.58749674
"2807921012",40.45316728,-3.59001195
"2807921013",40.45426483,-3.59144278
"2807921014",40.45156163,-3.59282162
"2807921015",40.47815481,-3.56189044
"2807921017",40.47007063,-3.57972924
"2807921018",40.47331821,-3.5760559
"2807921019",40.478168,-3.57903626
"2807921020",40.47438296,-3.58056415
"2807921021",40.47157904,-3.58056129
"2807921022",40.47307976,-3.5840567
"2807921023",40.47155672,-3.58718466
"2807921025",40.4663411,-3.58963373
"2807921026",40.47011603,-3.58304873
"2807921027",40.46259869,-3.59283368
"2807921028",40.47990837,-3.60219571
"2807921029",40.46385666,-3.60988955
"2807921030",40.46968225,-3.58668438
